id,label
60c5d6bf5659ea5e55deffcb,0
60c5d6bf5659ea5e55df028c,1
60c5d6bf5659ea5e55def377,1
60c5d6bf5659ea5e55def4c7,1
60c5d6bf5659ea5e55df01a6,0
60c5d6bf5659ea5e55def837,0
60c5d6bf5659ea5e55def6ec,1
60c5d6bf5659ea5e55def29e,1
60c5d6bf5659ea5e55defa01,0
60c5d6bf5659ea5e55def464,0
60c5d6bf5659ea5e55df020f,0
60c5d6bf5659ea5e55defb48,1
60c5d6bf5659ea5e55def1a8,1
60c5d6bf5659ea5e55defc80,1
60c5d6bf5659ea5e55defc3e,1
60c5d6bf5659ea5e55def2e2,1
60c5d6bf5659ea5e55defbd6,0
60c5d6bf5659ea5e55defc41,1
60c5d6bf5659ea5e55df0176,0
60c5d6bf5659ea5e55df027b,1
60c5d6bf5659ea5e55df01eb,1
60c5d6bf5659ea5e55def27f,1
60c5d6bf5659ea5e55df02e2,0
60c5d6bf5659ea5e55df01b9,1
60c5d6bf5659ea5e55defaa7,1
60c5d6bf5659ea5e55defae9,1
60c5d6bf5659ea5e55df002d,1
60c5d6bf5659ea5e55def466,1
60c5d6bf5659ea5e55df0289,0
60c5d6bf5659ea5e55def2a8,0
60c5d6bf5659ea5e55def994,1
60c5d6bf5659ea5e55def7cd,1
60c5d6bf5659ea5e55deff31,1
60c5d6bf5659ea5e55df0218,1
60c5d6bf5659ea5e55def29f,1
60c5d6bf5659ea5e55defeea,1
60c5d6bf5659ea5e55def2b8,1
60c5d6bf5659ea5e55defed1,0
60c5d6bf5659ea5e55defed8,1
60c5d6bf5659ea5e55defdcc,1
60c5d6bf5659ea5e55def50b,0
60c5d6bf5659ea5e55df0149,1
60c5d6bf5659ea5e55def497,0
60c5d6bf5659ea5e55df0472,0
60c5d6bf5659ea5e55df0290,1
60c5d6bf5659ea5e55def792,1
60c5d6bf5659ea5e55defb7f,1
60c5d6bf5659ea5e55def130,1
60c5d6bf5659ea5e55def3f9,1
60c5d6bf5659ea5e55df0024,1
60c5d6bf5659ea5e55def502,1
60c5d6bf5659ea5e55def6b3,1
60c5d6bf5659ea5e55defff1,0
60c5d6bf5659ea5e55df0457,1
60c5d6bf5659ea5e55defc14,1
60c5d6bf5659ea5e55df0323,1
60c5d6bf5659ea5e55df035b,1
60c5d6bf5659ea5e55def1cf,1
60c5d6bf5659ea5e55deff15,0
60c5d6bf5659ea5e55def491,1
60c5d6bf5659ea5e55df016f,1
60c5d6bf5659ea5e55def75c,1
60c5d6bf5659ea5e55def560,1
60c5d6bf5659ea5e55df01ed,0
60c5d6bf5659ea5e55def6c4,0
60c5d6bf5659ea5e55df0337,1
60c5d6bf5659ea5e55df036e,1
60c5d6bf5659ea5e55defcb2,1
60c5d6bf5659ea5e55deffa4,0
60c5d6bf5659ea5e55df014f,0
60c5d6bf5659ea5e55def2e5,1
60c5d6bf5659ea5e55def764,1
60c5d6bf5659ea5e55def629,0
60c5d6bf5659ea5e55defa5b,1
60c5d6bf5659ea5e55def288,0
60c5d6bf5659ea5e55def26d,0
60c5d6bf5659ea5e55def65b,1
60c5d6bf5659ea5e55def317,0
60c5d6bf5659ea5e55def235,1
60c5d6bf5659ea5e55df0041,1
60c5d6bf5659ea5e55defe17,0
60c5d6bf5659ea5e55df02d0,1
60c5d6bf5659ea5e55df00cb,1
60c5d6bf5659ea5e55df02a9,0
60c5d6bf5659ea5e55def650,1
60c5d6bf5659ea5e55def307,0
60c5d6bf5659ea5e55def5ef,0
60c5d6bf5659ea5e55defcc7,1
60c5d6bf5659ea5e55df00e1,0
60c5d6bf5659ea5e55df0059,1
60c5d6bf5659ea5e55df010b,0
60c5d6bf5659ea5e55defe81,0
60c5d6bf5659ea5e55defcb1,0
60c5d6bf5659ea5e55def569,1
60c5d6bf5659ea5e55def28b,1
60c5d6bf5659ea5e55defd35,1
60c5d6bf5659ea5e55df0314,1
60c5d6bf5659ea5e55def53b,0
60c5d6bf5659ea5e55df0286,1
60c5d6bf5659ea5e55df00fe,0
60c5d6bf5659ea5e55def10d,1
60c5d6bf5659ea5e55df0030,1
60c5d6bf5659ea5e55defab3,0
60c5d6bf5659ea5e55defdc1,1
60c5d6bf5659ea5e55def1e4,1
60c5d6bf5659ea5e55df0158,0
60c5d6bf5659ea5e55def45a,0
60c5d6bf5659ea5e55def9d6,1
60c5d6bf5659ea5e55defb9e,1
60c5d6bf5659ea5e55defa7d,0
60c5d6bf5659ea5e55defca3,1
60c5d6bf5659ea5e55defb94,1
60c5d6bf5659ea5e55def766,0
60c5d6bf5659ea5e55def254,1
60c5d6bf5659ea5e55df047e,1
60c5d6bf5659ea5e55def4b8,0
60c5d6bf5659ea5e55def8bc,1
60c5d6bf5659ea5e55defc27,1
60c5d6bf5659ea5e55df02cd,1
60c5d6bf5659ea5e55def66e,1
60c5d6bf5659ea5e55df0195,0
60c5d6bf5659ea5e55defd5e,1
60c5d6bf5659ea5e55df0261,1
60c5d6bf5659ea5e55def6bd,1
60c5d6bf5659ea5e55df00b2,1
60c5d6bf5659ea5e55df02d4,1
60c5d6bf5659ea5e55def84d,1
60c5d6bf5659ea5e55defbe0,1
60c5d6bf5659ea5e55defe02,1
60c5d6bf5659ea5e55df016d,1
60c5d6bf5659ea5e55def4a7,1
60c5d6bf5659ea5e55df0026,1
60c5d6bf5659ea5e55df01dc,1
60c5d6bf5659ea5e55df01b5,1
60c5d6bf5659ea5e55df03c9,1
60c5d6bf5659ea5e55df02dd,1
60c5d6bf5659ea5e55defd30,1
60c5d6bf5659ea5e55def8fb,0
60c5d6bf5659ea5e55def5a5,1
60c5d6bf5659ea5e55def81e,0
60c5d6bf5659ea5e55def914,0
60c5d6bf5659ea5e55def8bd,1
60c5d6bf5659ea5e55def921,1
60c5d6bf5659ea5e55def92b,1
60c5d6bf5659ea5e55df0019,1
60c5d6bf5659ea5e55df0422,0
60c5d6bf5659ea5e55defc0b,1
60c5d6bf5659ea5e55def8b6,0
60c5d6bf5659ea5e55def465,0
60c5d6bf5659ea5e55df03a2,0
60c5d6bf5659ea5e55def9e2,0
60c5d6bf5659ea5e55def5a2,1
60c5d6bf5659ea5e55df01d4,0
60c5d6bf5659ea5e55df01dd,0
60c5d6bf5659ea5e55df04f3,1
60c5d6bf5659ea5e55def64e,1
60c5d6bf5659ea5e55def4e9,1
60c5d6bf5659ea5e55defd5f,0
60c5d6bf5659ea5e55defb01,1
60c5d6bf5659ea5e55df013f,1
60c5d6bf5659ea5e55df0474,0
60c5d6bf5659ea5e55df04d7,1
60c5d6bf5659ea5e55df00b3,0
60c5d6bf5659ea5e55defe74,0
60c5d6bf5659ea5e55def572,0
60c5d6bf5659ea5e55defe2a,0
60c5d6bf5659ea5e55def112,0
60c5d6bf5659ea5e55def9c3,1
60c5d6bf5659ea5e55def562,1
60c5d6bf5659ea5e55deff7c,0
60c5d6bf5659ea5e55def34c,1
60c5d6bf5659ea5e55defb35,1
60c5d6bf5659ea5e55df0221,1
60c5d6bf5659ea5e55def672,1
60c5d6bf5659ea5e55df048f,1
60c5d6bf5659ea5e55def693,1
60c5d6bf5659ea5e55df041a,1
60c5d6bf5659ea5e55df046d,1
60c5d6bf5659ea5e55def653,1
60c5d6bf5659ea5e55df0211,1
60c5d6bf5659ea5e55def75f,1
60c5d6bf5659ea5e55def39f,1
60c5d6bf5659ea5e55def501,0
60c5d6bf5659ea5e55deffdc,1
60c5d6bf5659ea5e55def7bf,1
60c5d6bf5659ea5e55deff8d,1
60c5d6bf5659ea5e55defc94,0
60c5d6bf5659ea5e55deff06,0
60c5d6bf5659ea5e55deff41,1
60c5d6bf5659ea5e55df04b1,1
60c5d6bf5659ea5e55def40d,0
60c5d6bf5659ea5e55def620,1
60c5d6bf5659ea5e55df026b,0
60c5d6bf5659ea5e55df0222,1
60c5d6bf5659ea5e55df0266,1
60c5d6bf5659ea5e55df0274,1
60c5d6bf5659ea5e55def6d1,1
60c5d6bf5659ea5e55df047a,0
60c5d6bf5659ea5e55df035f,1
60c5d6bf5659ea5e55df006a,1
60c5d6bf5659ea5e55defa76,1
60c5d6bf5659ea5e55df033f,1
60c5d6bf5659ea5e55deff9b,1
60c5d6bf5659ea5e55defe66,1
60c5d6bf5659ea5e55def117,0
60c5d6bf5659ea5e55df0246,1
60c5d6bf5659ea5e55def252,1
60c5d6bf5659ea5e55df0051,1
60c5d6bf5659ea5e55df02b0,1
60c5d6bf5659ea5e55defd53,0
60c5d6bf5659ea5e55defe95,0
60c5d6bf5659ea5e55df000b,0
60c5d6bf5659ea5e55defbbf,1
60c5d6bf5659ea5e55df04ad,1
60c5d6bf5659ea5e55defee9,0
60c5d6bf5659ea5e55defa82,0
60c5d6bf5659ea5e55def2e3,0
60c5d6bf5659ea5e55def48c,1
60c5d6bf5659ea5e55def514,1
60c5d6bf5659ea5e55defda9,1
60c5d6bf5659ea5e55def7c2,1
60c5d6bf5659ea5e55defa8e,0
60c5d6bf5659ea5e55def62c,0
60c5d6bf5659ea5e55def3c8,1
60c5d6bf5659ea5e55df037e,1
60c5d6bf5659ea5e55def966,0
60c5d6bf5659ea5e55df045e,1
60c5d6bf5659ea5e55def95b,1
60c5d6bf5659ea5e55def344,0
60c5d6bf5659ea5e55defec3,1
60c5d6bf5659ea5e55def3f7,1
60c5d6bf5659ea5e55def6db,1
60c5d6bf5659ea5e55df04ce,0
60c5d6bf5659ea5e55def125,1
60c5d6bf5659ea5e55def95a,1
60c5d6bf5659ea5e55def98c,0
60c5d6bf5659ea5e55def239,1
60c5d6bf5659ea5e55defc51,1
60c5d6bf5659ea5e55def7f1,0
60c5d6bf5659ea5e55defb2e,1
60c5d6bf5659ea5e55def680,1
60c5d6bf5659ea5e55def422,1
60c5d6bf5659ea5e55df0374,0
60c5d6bf5659ea5e55def189,1
60c5d6bf5659ea5e55def852,1
60c5d6bf5659ea5e55deff56,1
60c5d6bf5659ea5e55deffbb,0
60c5d6bf5659ea5e55defca1,0
60c5d6bf5659ea5e55defe06,0
60c5d6bf5659ea5e55defceb,0
60c5d6bf5659ea5e55def2bd,1
60c5d6bf5659ea5e55def967,0
60c5d6bf5659ea5e55def5c4,1
60c5d6bf5659ea5e55df02fc,1
60c5d6bf5659ea5e55def433,1
60c5d6bf5659ea5e55def985,0
60c5d6bf5659ea5e55def475,0
60c5d6bf5659ea5e55def6d2,1
60c5d6bf5659ea5e55def4e3,1
60c5d6bf5659ea5e55def73c,1
60c5d6bf5659ea5e55defa9b,1
60c5d6bf5659ea5e55def205,1
60c5d6bf5659ea5e55defd97,1
60c5d6bf5659ea5e55df01df,1
60c5d6bf5659ea5e55defca7,0
60c5d6bf5659ea5e55def9f0,1
60c5d6bf5659ea5e55defeb0,1
60c5d6bf5659ea5e55defdc0,1
60c5d6bf5659ea5e55df0178,1
60c5d6bf5659ea5e55df0236,1
60c5d6bf5659ea5e55df0172,0
60c5d6bf5659ea5e55def3af,1
60c5d6bf5659ea5e55deff6f,0
60c5d6bf5659ea5e55defe0e,1
60c5d6bf5659ea5e55df0203,0
60c5d6bf5659ea5e55def6ab,1
60c5d6bf5659ea5e55def61a,0
60c5d6bf5659ea5e55defc79,0
60c5d6bf5659ea5e55defd7f,1
60c5d6bf5659ea5e55def86d,0
60c5d6bf5659ea5e55df0168,0
60c5d6bf5659ea5e55defbb7,0
60c5d6bf5659ea5e55def534,1
60c5d6bf5659ea5e55deff3b,1
60c5d6bf5659ea5e55df047f,0
60c5d6bf5659ea5e55def323,1
60c5d6bf5659ea5e55def920,1
60c5d6bf5659ea5e55defd1c,1
60c5d6bf5659ea5e55defffb,1
60c5d6bf5659ea5e55def212,1
60c5d6bf5659ea5e55def9e9,0
60c5d6bf5659ea5e55df025c,1
60c5d6bf5659ea5e55def6b2,1
60c5d6bf5659ea5e55deff9e,1
60c5d6bf5659ea5e55defa41,1
60c5d6bf5659ea5e55defda2,0
60c5d6bf5659ea5e55df00a8,1
60c5d6bf5659ea5e55defd61,1
60c5d6bf5659ea5e55def4f6,1
60c5d6bf5659ea5e55def110,1
60c5d6bf5659ea5e55deffef,1
60c5d6bf5659ea5e55defe16,1
60c5d6bf5659ea5e55defe72,0
60c5d6bf5659ea5e55df01f9,1
60c5d6bf5659ea5e55def1bd,0
60c5d6bf5659ea5e55defa96,1
60c5d6bf5659ea5e55def5fa,1
60c5d6bf5659ea5e55df046e,0
60c5d6bf5659ea5e55def896,0
60c5d6bf5659ea5e55def937,1
60c5d6bf5659ea5e55def7c6,0
60c5d6bf5659ea5e55deff57,1
60c5d6bf5659ea5e55def8e3,0
60c5d6bf5659ea5e55def773,1
60c5d6bf5659ea5e55defbf7,1
60c5d6bf5659ea5e55def180,0
60c5d6bf5659ea5e55def4fb,1
60c5d6bf5659ea5e55df0310,1
60c5d6bf5659ea5e55def88e,0
60c5d6bf5659ea5e55def203,1
60c5d6bf5659ea5e55defdd5,1
60c5d6bf5659ea5e55def7a9,0
60c5d6bf5659ea5e55df01da,1
60c5d6bf5659ea5e55def612,0
60c5d6bf5659ea5e55deffca,0
60c5d6bf5659ea5e55df042c,1
60c5d6bf5659ea5e55def5d9,0
60c5d6bf5659ea5e55defc61,1
60c5d6bf5659ea5e55def9f2,0
60c5d6bf5659ea5e55df0277,0
60c5d6bf5659ea5e55def5be,1
60c5d6bf5659ea5e55defeba,1
60c5d6bf5659ea5e55df0194,0
60c5d6bf5659ea5e55deff27,1
60c5d6bf5659ea5e55defcec,1
60c5d6bf5659ea5e55def12b,1
60c5d6bf5659ea5e55df01aa,1
60c5d6bf5659ea5e55def5a6,1
60c5d6bf5659ea5e55def7e3,1
60c5d6bf5659ea5e55def6c8,0
60c5d6bf5659ea5e55df01ca,1
60c5d6bf5659ea5e55def4ee,1
60c5d6bf5659ea5e55def3c2,0
60c5d6bf5659ea5e55df0017,0
60c5d6bf5659ea5e55def7a5,0
60c5d6bf5659ea5e55defc68,1
60c5d6bf5659ea5e55defa87,1
60c5d6bf5659ea5e55defa7b,1
60c5d6bf5659ea5e55defc02,0
60c5d6bf5659ea5e55deffcf,1
60c5d6bf5659ea5e55defaa1,0
60c5d6bf5659ea5e55df0012,0
60c5d6bf5659ea5e55def85c,1
60c5d6bf5659ea5e55defddc,0
60c5d6bf5659ea5e55def4a0,1
60c5d6bf5659ea5e55defb71,1
60c5d6bf5659ea5e55def2f0,0
60c5d6bf5659ea5e55def8b3,1
60c5d6bf5659ea5e55defc29,1
60c5d6bf5659ea5e55defb2d,0
60c5d6bf5659ea5e55def6fe,0
60c5d6bf5659ea5e55df0013,1
60c5d6bf5659ea5e55df04ae,0
60c5d6bf5659ea5e55def291,0
60c5d6bf5659ea5e55defcba,1
60c5d6bf5659ea5e55def69e,0
60c5d6bf5659ea5e55defb00,0
60c5d6bf5659ea5e55df015c,1
60c5d6bf5659ea5e55def46a,1
60c5d6bf5659ea5e55def3b9,1
60c5d6bf5659ea5e55df037d,1
60c5d6bf5659ea5e55defb79,1
60c5d6bf5659ea5e55defbab,0
60c5d6bf5659ea5e55def23b,1
60c5d6bf5659ea5e55def357,0
60c5d6bf5659ea5e55def1d2,0
60c5d6bf5659ea5e55def9ee,1
60c5d6bf5659ea5e55deff24,1
60c5d6bf5659ea5e55df00f9,0
60c5d6bf5659ea5e55def39b,1
60c5d6bf5659ea5e55defdbf,0
60c5d6bf5659ea5e55def8f9,1
60c5d6bf5659ea5e55def240,1
60c5d6bf5659ea5e55defc78,1
60c5d6bf5659ea5e55def2b4,0
60c5d6bf5659ea5e55defd95,1
60c5d6bf5659ea5e55df0452,0
60c5d6bf5659ea5e55def8db,1
60c5d6bf5659ea5e55df03ad,1
60c5d6bf5659ea5e55df02fb,0
60c5d6bf5659ea5e55def9c5,1
60c5d6bf5659ea5e55def2d0,1
60c5d6bf5659ea5e55df0133,0
60c5d6bf5659ea5e55def5e2,0
60c5d6bf5659ea5e55df045b,0
60c5d6bf5659ea5e55defa07,1
60c5d6bf5659ea5e55defd59,0
60c5d6bf5659ea5e55def353,0
60c5d6bf5659ea5e55def6c5,0
60c5d6bf5659ea5e55deff3d,1
60c5d6bf5659ea5e55df0096,0
60c5d6bf5659ea5e55df03f4,0
60c5d6bf5659ea5e55def525,0
60c5d6bf5659ea5e55def4e6,0
60c5d6bf5659ea5e55df041e,1
60c5d6bf5659ea5e55defec8,1
60c5d6bf5659ea5e55defb43,1
60c5d6bf5659ea5e55def368,1
60c5d6bf5659ea5e55def5dd,1
60c5d6bf5659ea5e55def5b7,1
60c5d6bf5659ea5e55def7ea,0
60c5d6bf5659ea5e55defa83,1
60c5d6bf5659ea5e55def780,1
60c5d6bf5659ea5e55def7c1,1
60c5d6bf5659ea5e55def0fd,1
60c5d6bf5659ea5e55def76c,1
60c5d6bf5659ea5e55def8ba,1
60c5d6bf5659ea5e55def542,1
60c5d6bf5659ea5e55df0044,1
60c5d6bf5659ea5e55deff4b,1
60c5d6bf5659ea5e55df03d3,1
60c5d6bf5659ea5e55defd47,1
60c5d6bf5659ea5e55def881,0
60c5d6bf5659ea5e55defa52,1
60c5d6bf5659ea5e55def759,1
60c5d6bf5659ea5e55df035e,0
60c5d6bf5659ea5e55def4fe,0
60c5d6bf5659ea5e55df042b,0
60c5d6bf5659ea5e55def906,1
60c5d6bf5659ea5e55defaf5,1
60c5d6bf5659ea5e55def1b6,1
60c5d6bf5659ea5e55defc43,1
60c5d6bf5659ea5e55def698,1
60c5d6bf5659ea5e55defaa0,1
60c5d6bf5659ea5e55def430,0
60c5d6bf5659ea5e55def7fd,0
60c5d6bf5659ea5e55def467,1
60c5d6bf5659ea5e55defe79,1
60c5d6bf5659ea5e55deff73,0
60c5d6bf5659ea5e55def41f,1
60c5d6bf5659ea5e55def277,0
60c5d6bf5659ea5e55df0179,1
60c5d6bf5659ea5e55df0272,0
60c5d6bf5659ea5e55def61b,1
60c5d6bf5659ea5e55defcf0,1
60c5d6bf5659ea5e55deff74,0
60c5d6bf5659ea5e55def143,1
60c5d6bf5659ea5e55def43c,1
60c5d6bf5659ea5e55df021f,0
60c5d6bf5659ea5e55df0269,1
60c5d6bf5659ea5e55defe43,0
60c5d6bf5659ea5e55df03ee,1
60c5d6bf5659ea5e55df0371,1
60c5d6bf5659ea5e55def4ca,1
60c5d6bf5659ea5e55df0483,1
60c5d6bf5659ea5e55df0394,0
60c5d6bf5659ea5e55df007d,1
60c5d6bf5659ea5e55defb7a,1
60c5d6bf5659ea5e55def253,1
60c5d6bf5659ea5e55def8e7,0
60c5d6bf5659ea5e55def1ef,1
60c5d6bf5659ea5e55deff26,1
60c5d6bf5659ea5e55def129,1
60c5d6bf5659ea5e55df0316,1
60c5d6bf5659ea5e55df0467,1
60c5d6bf5659ea5e55def8dd,1
60c5d6bf5659ea5e55df02bd,0
60c5d6bf5659ea5e55def60e,1
60c5d6bf5659ea5e55df04c6,1
60c5d6bf5659ea5e55def43e,1
60c5d6bf5659ea5e55def30e,1
60c5d6bf5659ea5e55def4aa,0
60c5d6bf5659ea5e55df01be,1
60c5d6bf5659ea5e55df0088,1
60c5d6bf5659ea5e55def7f3,0
60c5d6bf5659ea5e55df0296,1
60c5d6bf5659ea5e55def912,1
60c5d6bf5659ea5e55def82b,0
60c5d6bf5659ea5e55def610,1
60c5d6bf5659ea5e55def750,1
60c5d6bf5659ea5e55def330,1
60c5d6bf5659ea5e55def825,1
60c5d6bf5659ea5e55defc64,1
60c5d6bf5659ea5e55def5f3,1
60c5d6bf5659ea5e55def8b5,0
60c5d6bf5659ea5e55df0239,0
60c5d6bf5659ea5e55df0401,1
60c5d6bf5659ea5e55def971,1
60c5d6bf5659ea5e55def2d2,1
60c5d6bf5659ea5e55def7c0,0
60c5d6bf5659ea5e55def241,1
60c5d6bf5659ea5e55def646,1
60c5d6bf5659ea5e55def91e,1
60c5d6bf5659ea5e55def68b,1
60c5d6bf5659ea5e55defae3,1
60c5d6bf5659ea5e55df001c,1
60c5d6bf5659ea5e55df03c1,1
60c5d6bf5659ea5e55df021c,0
60c5d6bf5659ea5e55defcbc,1
60c5d6bf5659ea5e55def8df,1
60c5d6bf5659ea5e55def232,0
60c5d6bf5659ea5e55def6b8,1
60c5d6bf5659ea5e55deff59,0
60c5d6bf5659ea5e55defb40,1
60c5d6bf5659ea5e55defd4b,0
60c5d6bf5659ea5e55df01b7,1
60c5d6bf5659ea5e55def7f4,1
60c5d6bf5659ea5e55defb49,1
60c5d6bf5659ea5e55def32c,1
60c5d6bf5659ea5e55def3b5,0
60c5d6bf5659ea5e55deffec,1
60c5d6bf5659ea5e55def823,1
60c5d6bf5659ea5e55defac4,1
60c5d6bf5659ea5e55deff0d,1
60c5d6bf5659ea5e55defa7f,1
60c5d6bf5659ea5e55df007b,0
60c5d6bf5659ea5e55def380,1
60c5d6bf5659ea5e55defa37,1
60c5d6bf5659ea5e55defd73,1
60c5d6bf5659ea5e55def5bc,1
60c5d6bf5659ea5e55def927,0
60c5d6bf5659ea5e55def5ed,1
60c5d6bf5659ea5e55defa73,1
60c5d6bf5659ea5e55def625,1
60c5d6bf5659ea5e55def280,0
60c5d6bf5659ea5e55df0016,0
60c5d6bf5659ea5e55def75e,1
60c5d6bf5659ea5e55df0144,1
60c5d6bf5659ea5e55def37f,1
60c5d6bf5659ea5e55defd77,0
60c5d6bf5659ea5e55df0082,1
60c5d6bf5659ea5e55def210,1
60c5d6bf5659ea5e55def778,1
60c5d6bf5659ea5e55defdf7,1
60c5d6bf5659ea5e55def982,0
60c5d6bf5659ea5e55def634,0
60c5d6bf5659ea5e55defc86,0
60c5d6bf5659ea5e55df0137,1
60c5d6bf5659ea5e55def923,1
60c5d6bf5659ea5e55def27a,1
60c5d6bf5659ea5e55df0103,1
60c5d6bf5659ea5e55df011c,0
60c5d6bf5659ea5e55def173,1
60c5d6bf5659ea5e55df03b1,0
60c5d6bf5659ea5e55def9a2,1
60c5d6bf5659ea5e55defc09,0
60c5d6bf5659ea5e55df0417,1
60c5d6bf5659ea5e55df0367,1
60c5d6bf5659ea5e55defac9,0
60c5d6bf5659ea5e55def5c2,0
60c5d6bf5659ea5e55def992,1
60c5d6bf5659ea5e55def6dc,1
60c5d6bf5659ea5e55defb4a,1
60c5d6bf5659ea5e55def986,0
60c5d6bf5659ea5e55def671,1
60c5d6bf5659ea5e55def7b7,0
60c5d6bf5659ea5e55defc2b,1
60c5d6bf5659ea5e55def9af,1
60c5d6bf5659ea5e55def1fb,0
60c5d6bf5659ea5e55def424,0
60c5d6bf5659ea5e55df024b,1
60c5d6bf5659ea5e55defcc1,0
60c5d6bf5659ea5e55defc60,1
60c5d6bf5659ea5e55df015e,1
60c5d6bf5659ea5e55defeec,1
60c5d6bf5659ea5e55def54c,0
60c5d6bf5659ea5e55defa06,0
60c5d6bf5659ea5e55df03e4,0
60c5d6bf5659ea5e55df0450,1
60c5d6bf5659ea5e55defe33,1
60c5d6bf5659ea5e55df0040,1
60c5d6bf5659ea5e55df04b4,1
60c5d6bf5659ea5e55def93a,1
60c5d6bf5659ea5e55def32a,1
60c5d6bf5659ea5e55def6c7,1
60c5d6bf5659ea5e55defaf6,1
60c5d6bf5659ea5e55def40c,1
60c5d6bf5659ea5e55def201,1
60c5d6bf5659ea5e55def67a,1
60c5d6bf5659ea5e55deffa2,0
60c5d6bf5659ea5e55def529,0
60c5d6bf5659ea5e55def609,1
60c5d6bf5659ea5e55df03d7,1
60c5d6bf5659ea5e55defe45,1
60c5d6bf5659ea5e55defbc1,1
60c5d6bf5659ea5e55def2b1,1
60c5d6bf5659ea5e55df0459,0
60c5d6bf5659ea5e55def365,1
60c5d6bf5659ea5e55deff5b,0
60c5d6bf5659ea5e55def312,1
60c5d6bf5659ea5e55def160,1
60c5d6bf5659ea5e55df0339,1
60c5d6bf5659ea5e55defb02,1
60c5d6bf5659ea5e55df04e1,0
60c5d6bf5659ea5e55defa00,1
60c5d6bf5659ea5e55df02f1,1
60c5d6bf5659ea5e55def803,0
60c5d6bf5659ea5e55defc3d,0
60c5d6bf5659ea5e55df0321,1
60c5d6bf5659ea5e55def598,1
60c5d6bf5659ea5e55defd46,1
60c5d6bf5659ea5e55df000f,0
60c5d6bf5659ea5e55def7d0,1
60c5d6bf5659ea5e55def311,1
60c5d6bf5659ea5e55df01ab,0
60c5d6bf5659ea5e55def57c,1
60c5d6bf5659ea5e55def114,1
60c5d6bf5659ea5e55defc6f,1
60c5d6bf5659ea5e55def85b,1
60c5d6bf5659ea5e55def219,1
60c5d6bf5659ea5e55def71f,1
60c5d6bf5659ea5e55deffed,0
60c5d6bf5659ea5e55def92c,0
60c5d6bf5659ea5e55df0002,1
60c5d6bf5659ea5e55df00fa,0
60c5d6bf5659ea5e55df0169,1
60c5d6bf5659ea5e55defb47,1
60c5d6bf5659ea5e55def227,1
60c5d6bf5659ea5e55defbf2,1
60c5d6bf5659ea5e55df00b0,1
60c5d6bf5659ea5e55df0202,1
60c5d6bf5659ea5e55def135,1
60c5d6bf5659ea5e55def55d,1
60c5d6bf5659ea5e55def2e8,0
60c5d6bf5659ea5e55def580,0
60c5d6bf5659ea5e55df0235,1
60c5d6bf5659ea5e55def3c5,0
60c5d6bf5659ea5e55df0384,1
60c5d6bf5659ea5e55def838,1
60c5d6bf5659ea5e55defbea,0
60c5d6bf5659ea5e55df04d4,1
60c5d6bf5659ea5e55df048a,0
60c5d6bf5659ea5e55def4bd,1
60c5d6bf5659ea5e55def123,1
60c5d6bf5659ea5e55df0242,1
60c5d6bf5659ea5e55def224,0
60c5d6bf5659ea5e55def7e9,0
60c5d6bf5659ea5e55def523,0
60c5d6bf5659ea5e55defefd,1
60c5d6bf5659ea5e55defef9,0
60c5d6bf5659ea5e55deff69,1
60c5d6bf5659ea5e55defc77,0
60c5d6bf5659ea5e55df019c,1
60c5d6bf5659ea5e55deff03,0
60c5d6bf5659ea5e55defd0c,1
60c5d6bf5659ea5e55df02b6,1
60c5d6bf5659ea5e55df04e8,0
60c5d6bf5659ea5e55df0181,1
60c5d6bf5659ea5e55def7f8,0
60c5d6bf5659ea5e55df03bd,0
60c5d6bf5659ea5e55defc00,0
60c5d6bf5659ea5e55defb30,1
60c5d6bf5659ea5e55df013e,1
60c5d6bf5659ea5e55df0346,0
60c5d6bf5659ea5e55def929,0
60c5d6bf5659ea5e55def681,0
60c5d6bf5659ea5e55def3e2,1
60c5d6bf5659ea5e55def99c,1
60c5d6bf5659ea5e55def149,1
60c5d6bf5659ea5e55defab5,1
60c5d6bf5659ea5e55def2a4,0
60c5d6bf5659ea5e55def96f,1
60c5d6bf5659ea5e55def87f,1
60c5d6bf5659ea5e55defa8c,1
60c5d6bf5659ea5e55defdde,0
60c5d6bf5659ea5e55def3bd,1
60c5d6bf5659ea5e55df0095,1
60c5d6bf5659ea5e55df00ef,1
60c5d6bf5659ea5e55df029b,1
60c5d6bf5659ea5e55def6dd,1
60c5d6bf5659ea5e55def28e,1
60c5d6bf5659ea5e55def8d0,1
60c5d6bf5659ea5e55df012f,1
60c5d6bf5659ea5e55defc55,0
60c5d6bf5659ea5e55def2a6,0
60c5d6bf5659ea5e55defb72,0
60c5d6bf5659ea5e55df02da,0
60c5d6bf5659ea5e55df0480,0
60c5d6bf5659ea5e55def3ab,1
60c5d6bf5659ea5e55defeaa,1
60c5d6bf5659ea5e55def1a1,1
60c5d6bf5659ea5e55defda4,1
60c5d6bf5659ea5e55df00ad,1
60c5d6bf5659ea5e55defd01,1
60c5d6bf5659ea5e55defca5,1
60c5d6bf5659ea5e55def776,1
60c5d6bf5659ea5e55defc28,0
60c5d6bf5659ea5e55defb58,1
60c5d6bf5659ea5e55def5b4,1
60c5d6bf5659ea5e55def78d,1
60c5d6bf5659ea5e55defaed,0
60c5d6bf5659ea5e55defda3,1
60c5d6bf5659ea5e55df01f2,1
60c5d6bf5659ea5e55df041c,0
60c5d6bf5659ea5e55df01d2,1
60c5d6bf5659ea5e55def1b0,1
60c5d6bf5659ea5e55df0255,0
60c5d6bf5659ea5e55def230,1
60c5d6bf5659ea5e55def11c,1
60c5d6bf5659ea5e55def669,1
60c5d6bf5659ea5e55defc25,1
60c5d6bf5659ea5e55df03de,0
60c5d6bf5659ea5e55defaf2,1
60c5d6bf5659ea5e55df03ba,0
60c5d6bf5659ea5e55defcaf,1
60c5d6bf5659ea5e55def458,1
60c5d6bf5659ea5e55def6da,0
60c5d6bf5659ea5e55df01f1,0
60c5d6bf5659ea5e55def42d,0
60c5d6bf5659ea5e55defa4c,0
60c5d6bf5659ea5e55def9d4,0
60c5d6bf5659ea5e55defa68,1
60c5d6bf5659ea5e55deff14,0
60c5d6bf5659ea5e55def2ec,1
60c5d6bf5659ea5e55defafe,1
60c5d6bf5659ea5e55def97b,1
60c5d6bf5659ea5e55def2b2,1
60c5d6bf5659ea5e55def668,0
60c5d6bf5659ea5e55df02c2,0
60c5d6bf5659ea5e55df0287,1
60c5d6bf5659ea5e55def36a,0
60c5d6bf5659ea5e55defd09,0
60c5d6bf5659ea5e55defc24,1
60c5d6bf5659ea5e55defa43,0
60c5d6bf5659ea5e55df0130,0
60c5d6bf5659ea5e55df02bc,1
60c5d6bf5659ea5e55defbb0,1
60c5d6bf5659ea5e55def1e7,1
60c5d6bf5659ea5e55df003b,0
60c5d6bf5659ea5e55def6a9,1
60c5d6bf5659ea5e55df0080,1
60c5d6bf5659ea5e55defa1d,1
60c5d6bf5659ea5e55defb1c,1
60c5d6bf5659ea5e55def2da,1
60c5d6bf5659ea5e55def33c,1
60c5d6bf5659ea5e55def4ab,0
60c5d6bf5659ea5e55def891,1
60c5d6bf5659ea5e55def68c,1
60c5d6bf5659ea5e55df00b6,1
60c5d6bf5659ea5e55df02ca,1
60c5d6bf5659ea5e55df0043,1
60c5d6bf5659ea5e55def839,0
60c5d6bf5659ea5e55def65e,1
60c5d6bf5659ea5e55df0220,1
60c5d6bf5659ea5e55df003a,1
60c5d6bf5659ea5e55def7eb,1
60c5d6bf5659ea5e55def774,0
60c5d6bf5659ea5e55def303,1
60c5d6bf5659ea5e55defe18,1
60c5d6bf5659ea5e55defccf,1
60c5d6bf5659ea5e55def877,1
60c5d6bf5659ea5e55df0461,1
60c5d6bf5659ea5e55df0482,1
60c5d6bf5659ea5e55def304,1
60c5d6bf5659ea5e55df000d,1
60c5d6bf5659ea5e55df0090,0
60c5d6bf5659ea5e55def9a9,0
60c5d6bf5659ea5e55def9f4,0
60c5d6bf5659ea5e55defb2c,1
60c5d6bf5659ea5e55defdfe,1
60c5d6bf5659ea5e55def96e,1
60c5d6bf5659ea5e55defc1c,1
60c5d6bf5659ea5e55df0342,0
60c5d6bf5659ea5e55defc5e,1
60c5d6bf5659ea5e55deff9d,1
60c5d6bf5659ea5e55def956,1
60c5d6bf5659ea5e55defcdb,1
60c5d6bf5659ea5e55def81b,0
60c5d6bf5659ea5e55def51a,0
60c5d6bf5659ea5e55def69b,1
60c5d6bf5659ea5e55def706,1
60c5d6bf5659ea5e55def238,0
60c5d6bf5659ea5e55defd63,1
60c5d6bf5659ea5e55defedf,0
60c5d6bf5659ea5e55df02c6,1
60c5d6bf5659ea5e55deff1f,0
60c5d6bf5659ea5e55def1be,1
60c5d6bf5659ea5e55def209,1
60c5d6bf5659ea5e55df02a1,0
60c5d6bf5659ea5e55df00e8,1
60c5d6bf5659ea5e55defa97,0
60c5d6bf5659ea5e55df022d,1
60c5d6bf5659ea5e55def7fb,0
60c5d6bf5659ea5e55df0365,1
60c5d6bf5659ea5e55def959,1
60c5d6bf5659ea5e55df0426,0
60c5d6bf5659ea5e55defe58,0
60c5d6bf5659ea5e55def84e,0
60c5d6bf5659ea5e55def58e,1
60c5d6bf5659ea5e55def21d,1
60c5d6bf5659ea5e55def8ac,1
60c5d6bf5659ea5e55defc93,1
60c5d6bf5659ea5e55df00f0,1
60c5d6bf5659ea5e55def248,1
60c5d6bf5659ea5e55defc0f,1
60c5d6bf5659ea5e55defc70,1
60c5d6bf5659ea5e55df043b,1
60c5d6bf5659ea5e55def769,1
60c5d6bf5659ea5e55def23e,1
60c5d6bf5659ea5e55defb89,0
60c5d6bf5659ea5e55df01fa,1
60c5d6bf5659ea5e55defffd,0
60c5d6bf5659ea5e55df015b,1
60c5d6bf5659ea5e55defb3b,1
60c5d6bf5659ea5e55def47f,1
60c5d6bf5659ea5e55defab7,1
60c5d6bf5659ea5e55def371,1
60c5d6bf5659ea5e55df00bd,0
60c5d6bf5659ea5e55defbe6,1
60c5d6bf5659ea5e55df016a,1
60c5d6bf5659ea5e55defd68,1
60c5d6bf5659ea5e55defccc,0
60c5d6bf5659ea5e55df01c7,0
60c5d6bf5659ea5e55def770,0
60c5d6bf5659ea5e55def2ef,0
60c5d6bf5659ea5e55def2f2,1
60c5d6bf5659ea5e55defcef,0
60c5d6bf5659ea5e55def2d6,0
60c5d6bf5659ea5e55defff4,0
60c5d6bf5659ea5e55df0147,0
60c5d6bf5659ea5e55df0248,1
60c5d6bf5659ea5e55df0352,1
60c5d6bf5659ea5e55defe8c,1
60c5d6bf5659ea5e55df025b,0
60c5d6bf5659ea5e55deff43,0
60c5d6bf5659ea5e55defd2c,1
60c5d6bf5659ea5e55def97a,1
60c5d6bf5659ea5e55def2ea,1
60c5d6bf5659ea5e55def279,0
60c5d6bf5659ea5e55def6a8,1
60c5d6bf5659ea5e55defedc,1
60c5d6bf5659ea5e55def5b6,0
60c5d6bf5659ea5e55defbd8,0
60c5d6bf5659ea5e55defe6b,0
60c5d6bf5659ea5e55defed9,0
60c5d6bf5659ea5e55def13d,1
60c5d6bf5659ea5e55def2f8,1
60c5d6bf5659ea5e55defe60,0
60c5d6bf5659ea5e55defd8b,1
60c5d6bf5659ea5e55df0069,1
60c5d6bf5659ea5e55def7b2,1
60c5d6bf5659ea5e55defcee,0
60c5d6bf5659ea5e55def3f1,0
60c5d6bf5659ea5e55df017e,0
60c5d6bf5659ea5e55defbb8,0
60c5d6bf5659ea5e55df0160,0
60c5d6bf5659ea5e55def58a,1
60c5d6bf5659ea5e55df011e,0
60c5d6bf5659ea5e55def578,1
60c5d6bf5659ea5e55def2f4,1
60c5d6bf5659ea5e55defd9c,1
60c5d6bf5659ea5e55defeb7,1
60c5d6bf5659ea5e55def857,0
60c5d6bf5659ea5e55df0067,0
60c5d6bf5659ea5e55df0165,1
60c5d6bf5659ea5e55defc2d,0
60c5d6bf5659ea5e55def772,1
60c5d6bf5659ea5e55defd0e,1
60c5d6bf5659ea5e55df0281,1
60c5d6bf5659ea5e55def720,1
60c5d6bf5659ea5e55defa0d,1
60c5d6bf5659ea5e55df0101,0
60c5d6bf5659ea5e55def8bf,1
60c5d6bf5659ea5e55defc2c,1
60c5d6bf5659ea5e55def91c,0
60c5d6bf5659ea5e55def3ed,1
60c5d6bf5659ea5e55def8d2,0
60c5d6bf5659ea5e55df011b,0
60c5d6bf5659ea5e55def721,0
60c5d6bf5659ea5e55def413,0
60c5d6bf5659ea5e55df026e,1
60c5d6bf5659ea5e55defa91,0
60c5d6bf5659ea5e55defd38,0
60c5d6bf5659ea5e55def4c1,1
60c5d6bf5659ea5e55deffcd,1
60c5d6bf5659ea5e55defe1d,0
60c5d6bf5659ea5e55defd93,1
60c5d6bf5659ea5e55defaaf,1
60c5d6bf5659ea5e55defb19,0
60c5d6bf5659ea5e55df04b5,1
60c5d6bf5659ea5e55df0011,1
60c5d6bf5659ea5e55df0481,1
60c5d6bf5659ea5e55df02f4,1
60c5d6bf5659ea5e55def8b4,1
60c5d6bf5659ea5e55defeae,0
60c5d6bf5659ea5e55df039d,1
60c5d6bf5659ea5e55df00a2,1
60c5d6bf5659ea5e55def286,1
60c5d6bf5659ea5e55def647,0
60c5d6bf5659ea5e55def517,1
60c5d6bf5659ea5e55df023e,1
60c5d6bf5659ea5e55defb64,1
60c5d6bf5659ea5e55deffe8,0
60c5d6bf5659ea5e55def50c,1
60c5d6bf5659ea5e55def3ee,0
60c5d6bf5659ea5e55def829,1
60c5d6bf5659ea5e55df02ac,0
60c5d6bf5659ea5e55def940,1
60c5d6bf5659ea5e55def109,1
60c5d6bf5659ea5e55def4d3,1
60c5d6bf5659ea5e55defa24,1
60c5d6bf5659ea5e55df03c0,1
60c5d6bf5659ea5e55df00f1,0
60c5d6bf5659ea5e55def18e,1
60c5d6bf5659ea5e55deffa6,1
60c5d6bf5659ea5e55df04a5,0
60c5d6bf5659ea5e55df03c2,0
60c5d6bf5659ea5e55defdcd,1
60c5d6bf5659ea5e55def5a3,1
60c5d6bf5659ea5e55def815,1
60c5d6bf5659ea5e55defa8a,1
60c5d6bf5659ea5e55df042e,1
60c5d6bf5659ea5e55df0420,1
60c5d6bf5659ea5e55def4f7,1
60c5d6bf5659ea5e55def20c,1
60c5d6bf5659ea5e55defe77,1
60c5d6bf5659ea5e55df02f8,1
60c5d6bf5659ea5e55defb6e,1
60c5d6bf5659ea5e55def970,1
60c5d6bf5659ea5e55defa30,1
60c5d6bf5659ea5e55def1ab,1
60c5d6bf5659ea5e55df0230,0
60c5d6bf5659ea5e55df0462,1
60c5d6bf5659ea5e55defdfb,1
60c5d6bf5659ea5e55def474,0
60c5d6bf5659ea5e55def989,1
60c5d6bf5659ea5e55def3e1,1
60c5d6bf5659ea5e55df03bc,1
60c5d6bf5659ea5e55def8d5,0
60c5d6bf5659ea5e55def935,0
60c5d6bf5659ea5e55def5c8,1
60c5d6bf5659ea5e55defa84,1
60c5d6bf5659ea5e55def888,0
60c5d6bf5659ea5e55def6d7,1
60c5d6bf5659ea5e55defd72,0
60c5d6bf5659ea5e55def41e,0
60c5d6bf5659ea5e55defe65,0
60c5d6bf5659ea5e55defadb,1
60c5d6bf5659ea5e55def5b5,0
60c5d6bf5659ea5e55deff3a,0
60c5d6bf5659ea5e55def928,0
60c5d6bf5659ea5e55def139,0
60c5d6bf5659ea5e55def144,1
60c5d6bf5659ea5e55defb2f,1
60c5d6bf5659ea5e55defb05,1
60c5d6bf5659ea5e55deff10,1
60c5d6bf5659ea5e55def1e3,0
60c5d6bf5659ea5e55df0397,1
60c5d6bf5659ea5e55defc07,0
60c5d6bf5659ea5e55def4db,0
60c5d6bf5659ea5e55defaf1,1
60c5d6bf5659ea5e55df0206,0
60c5d6bf5659ea5e55df0330,1
60c5d6bf5659ea5e55df0228,1
60c5d6bf5659ea5e55df02f0,1
60c5d6bf5659ea5e55defa19,0
60c5d6bf5659ea5e55df049b,0
60c5d6bf5659ea5e55def321,1
60c5d6bf5659ea5e55def611,1
60c5d6bf5659ea5e55def3ae,1
60c5d6bf5659ea5e55defc74,0
60c5d6bf5659ea5e55def613,1
60c5d6bf5659ea5e55df0107,1
60c5d6bf5659ea5e55df020b,0
60c5d6bf5659ea5e55df01d6,1
60c5d6bf5659ea5e55defebe,1
60c5d6bf5659ea5e55def302,0
60c5d6bf5659ea5e55def127,0
60c5d6bf5659ea5e55df0492,1
60c5d6bf5659ea5e55df0226,1
60c5d6bf5659ea5e55df03a7,1
60c5d6bf5659ea5e55def3f5,1
60c5d6bf5659ea5e55defc54,0
60c5d6bf5659ea5e55df0347,1
60c5d6bf5659ea5e55df0110,1
60c5d6bf5659ea5e55def727,0
60c5d6bf5659ea5e55defb9a,0
60c5d6bf5659ea5e55def63c,0
60c5d6bf5659ea5e55def2b7,0
60c5d6bf5659ea5e55def339,1
60c5d6bf5659ea5e55df03ed,1
60c5d6bf5659ea5e55def88c,0
60c5d6bf5659ea5e55df006e,0
60c5d6bf5659ea5e55df03a4,1
60c5d6bf5659ea5e55def28a,0
60c5d6bf5659ea5e55def8d3,0
60c5d6bf5659ea5e55def3a8,0
60c5d6bf5659ea5e55def170,1
60c5d6bf5659ea5e55df049c,1
60c5d6bf5659ea5e55defe76,1
60c5d6bf5659ea5e55defb6f,1
60c5d6bf5659ea5e55defc4d,1
60c5d6bf5659ea5e55def5bb,0
60c5d6bf5659ea5e55def192,0
60c5d6bf5659ea5e55df034f,1
60c5d6bf5659ea5e55def49b,1
60c5d6bf5659ea5e55defd22,1
60c5d6bf5659ea5e55def66f,1
60c5d6bf5659ea5e55deff0b,0
60c5d6bf5659ea5e55def0f8,1
60c5d6bf5659ea5e55def8ff,0
60c5d6bf5659ea5e55def51e,1
60c5d6bf5659ea5e55defd28,1
60c5d6bf5659ea5e55defd31,0
60c5d6bf5659ea5e55def4a9,0
60c5d6bf5659ea5e55df024e,0
60c5d6bf5659ea5e55def6e3,1
60c5d6bf5659ea5e55df018b,1
60c5d6bf5659ea5e55def94c,1
60c5d6bf5659ea5e55defcd8,0
60c5d6bf5659ea5e55def5f9,0
60c5d6bf5659ea5e55df020e,1
60c5d6bf5659ea5e55defb52,1
60c5d6bf5659ea5e55defb9f,1
60c5d6bf5659ea5e55def9dd,1
60c5d6bf5659ea5e55df04db,1
60c5d6bf5659ea5e55defc98,0
60c5d6bf5659ea5e55defa92,0
60c5d6bf5659ea5e55df01cb,1
60c5d6bf5659ea5e55deff87,1
60c5d6bf5659ea5e55defbc5,1
60c5d6bf5659ea5e55df00bb,0
60c5d6bf5659ea5e55def3ad,1
60c5d6bf5659ea5e55def1c9,0
60c5d6bf5659ea5e55defd75,0
60c5d6bf5659ea5e55df04b2,0
60c5d6bf5659ea5e55defe8b,0
60c5d6bf5659ea5e55def20a,1
60c5d6bf5659ea5e55defdf3,0
60c5d6bf5659ea5e55def308,1
60c5d6bf5659ea5e55def530,1
60c5d6bf5659ea5e55defdeb,1
60c5d6bf5659ea5e55df002e,1
60c5d6bf5659ea5e55defcdc,1
60c5d6bf5659ea5e55def56d,0
60c5d6bf5659ea5e55defbe1,1
60c5d6bf5659ea5e55def6f4,0
60c5d6bf5659ea5e55def404,1
60c5d6bf5659ea5e55defab9,1
60c5d6bf5659ea5e55defe9e,0
60c5d6bf5659ea5e55def6d4,0
60c5d6bf5659ea5e55df014d,1
60c5d6bf5659ea5e55def85d,1
60c5d6bf5659ea5e55df01e9,1
60c5d6bf5659ea5e55defb6d,1
60c5d6bf5659ea5e55def7a0,1
60c5d6bf5659ea5e55def7b9,1
60c5d6bf5659ea5e55defad8,1
60c5d6bf5659ea5e55def793,1
60c5d6bf5659ea5e55defa34,0
60c5d6bf5659ea5e55defe9b,1
60c5d6bf5659ea5e55def4d4,1
60c5d6bf5659ea5e55def533,0
60c5d6bf5659ea5e55defcfb,1
60c5d6bf5659ea5e55def4d1,1
60c5d6bf5659ea5e55def43a,1
60c5d6bf5659ea5e55df03dc,1
60c5d6bf5659ea5e55def447,1
60c5d6bf5659ea5e55defed6,1
60c5d6bf5659ea5e55def833,1
60c5d6bf5659ea5e55defa2d,1
60c5d6bf5659ea5e55df0111,0
60c5d6bf5659ea5e55df036c,1
60c5d6bf5659ea5e55def3d5,1
60c5d6bf5659ea5e55defdf9,1
60c5d6bf5659ea5e55df00b4,1
60c5d6bf5659ea5e55deffae,1
60c5d6bf5659ea5e55def13f,1
60c5d6bf5659ea5e55def4b0,0
60c5d6bf5659ea5e55def1b8,1
60c5d6bf5659ea5e55defdc5,1
60c5d6bf5659ea5e55defde9,1
60c5d6bf5659ea5e55def70f,1
60c5d6bf5659ea5e55def3f6,0
60c5d6bf5659ea5e55def1a2,0
60c5d6bf5659ea5e55defee4,0
60c5d6bf5659ea5e55defb46,1
60c5d6bf5659ea5e55defaa4,1
60c5d6bf5659ea5e55def494,1
60c5d6bf5659ea5e55def865,1
60c5d6bf5659ea5e55defd03,1
60c5d6bf5659ea5e55def983,0
60c5d6bf5659ea5e55def3bc,0
60c5d6bf5659ea5e55defd52,1
60c5d6bf5659ea5e55df028d,0
60c5d6bf5659ea5e55def581,1
60c5d6bf5659ea5e55def861,1
60c5d6bf5659ea5e55df0031,1
60c5d6bf5659ea5e55def8da,0
60c5d6bf5659ea5e55defa5f,1
60c5d6bf5659ea5e55df01f3,0
60c5d6bf5659ea5e55defa35,1
60c5d6bf5659ea5e55def719,1
60c5d6bf5659ea5e55df025d,1
60c5d6bf5659ea5e55defe7b,1
60c5d6bf5659ea5e55def6e6,1
60c5d6bf5659ea5e55df0393,1
60c5d6bf5659ea5e55def4d2,1
60c5d6bf5659ea5e55def63f,1
60c5d6bf5659ea5e55def5d8,1
60c5d6bf5659ea5e55def74f,0
60c5d6bf5659ea5e55defa0f,1
60c5d6bf5659ea5e55def575,0
60c5d6bf5659ea5e55deff66,0
60c5d6bf5659ea5e55def89b,1
60c5d6bf5659ea5e55def872,1
60c5d6bf5659ea5e55df0200,0
60c5d6bf5659ea5e55def700,1
60c5d6bf5659ea5e55defaaa,1
60c5d6bf5659ea5e55defac6,1
60c5d6bf5659ea5e55def885,1
60c5d6bf5659ea5e55def437,1
60c5d6bf5659ea5e55defb5c,0
60c5d6bf5659ea5e55defe5c,1
60c5d6bf5659ea5e55df0021,1
60c5d6bf5659ea5e55def190,0
60c5d6bf5659ea5e55def908,1
60c5d6bf5659ea5e55df00e3,1
60c5d6bf5659ea5e55defd2a,1
60c5d6bf5659ea5e55deffee,1
60c5d6bf5659ea5e55def0f4,0
60c5d6bf5659ea5e55defb73,0
60c5d6bf5659ea5e55defbf6,1
60c5d6bf5659ea5e55deff38,0
60c5d6bf5659ea5e55def843,1
60c5d6bf5659ea5e55df04a8,1
60c5d6bf5659ea5e55df0210,1
60c5d6bf5659ea5e55def7ee,1
60c5d6bf5659ea5e55df01fe,0
60c5d6bf5659ea5e55def809,0
60c5d6bf5659ea5e55def94b,1
60c5d6bf5659ea5e55df0076,1
60c5d6bf5659ea5e55def391,1
60c5d6bf5659ea5e55def2e4,1
60c5d6bf5659ea5e55df0065,0
60c5d6bf5659ea5e55def768,0
60c5d6bf5659ea5e55deffa0,1
60c5d6bf5659ea5e55def13c,1
60c5d6bf5659ea5e55def2fe,0
60c5d6bf5659ea5e55defde8,1
60c5d6bf5659ea5e55def29b,1
60c5d6bf5659ea5e55def3b1,1
60c5d6bf5659ea5e55def367,1
60c5d6bf5659ea5e55df0184,1
60c5d6bf5659ea5e55def591,1
60c5d6bf5659ea5e55def51d,1
60c5d6bf5659ea5e55defcfc,1
60c5d6bf5659ea5e55defe36,0
60c5d6bf5659ea5e55df00dc,0
60c5d6bf5659ea5e55def41d,1
60c5d6bf5659ea5e55defd76,1
60c5d6bf5659ea5e55df01c1,0
60c5d6bf5659ea5e55def460,1
60c5d6bf5659ea5e55deff8a,0
60c5d6bf5659ea5e55def9e1,1
60c5d6bf5659ea5e55def63a,1
60c5d6bf5659ea5e55def6cf,1
60c5d6bf5659ea5e55def5f8,1
60c5d6bf5659ea5e55def787,1
60c5d6bf5659ea5e55defd74,0
60c5d6bf5659ea5e55defb22,0
60c5d6bf5659ea5e55df033d,1
60c5d6bf5659ea5e55def725,0
60c5d6bf5659ea5e55defd1a,0
60c5d6bf5659ea5e55deffe0,1
60c5d6bf5659ea5e55defd33,1
60c5d6bf5659ea5e55df02ae,1
60c5d6bf5659ea5e55df0416,1
60c5d6bf5659ea5e55def87d,1
60c5d6bf5659ea5e55defc76,1
60c5d6bf5659ea5e55def4e4,0
60c5d6bf5659ea5e55df0214,0
60c5d6bf5659ea5e55def2d3,0
60c5d6bf5659ea5e55defc08,0
60c5d6bf5659ea5e55df040b,1
60c5d6bf5659ea5e55defaf8,0
60c5d6bf5659ea5e55def735,1
60c5d6bf5659ea5e55def520,1
60c5d6bf5659ea5e55def2f6,0
60c5d6bf5659ea5e55def1c0,1
60c5d6bf5659ea5e55def9fd,1
60c5d6bf5659ea5e55defaa2,1
60c5d6bf5659ea5e55defee0,1
60c5d6bf5659ea5e55defa93,1
60c5d6bf5659ea5e55def663,1
60c5d6bf5659ea5e55defaf9,0
60c5d6bf5659ea5e55def33e,1
60c5d6bf5659ea5e55def7f2,1
60c5d6bf5659ea5e55defaec,1
60c5d6bf5659ea5e55def50e,1
60c5d6bf5659ea5e55df03ff,1
60c5d6bf5659ea5e55def8d6,1
60c5d6bf5659ea5e55def7cc,0
60c5d6bf5659ea5e55def250,0
60c5d6bf5659ea5e55def4c4,1
60c5d6bf5659ea5e55def94d,1
60c5d6bf5659ea5e55def1cd,1
60c5d6bf5659ea5e55def7e7,0
60c5d6bf5659ea5e55def1c7,0
60c5d6bf5659ea5e55df01bf,0
60c5d6bf5659ea5e55defab8,1
60c5d6bf5659ea5e55defd88,1
60c5d6bf5659ea5e55defe24,0
60c5d6bf5659ea5e55df000e,1
60c5d6bf5659ea5e55df0267,1
60c5d6bf5659ea5e55defebb,0
60c5d6bf5659ea5e55def736,1
60c5d6bf5659ea5e55df035a,1
60c5d6bf5659ea5e55defa3d,0
60c5d6bf5659ea5e55def376,1
60c5d6bf5659ea5e55deff33,1
60c5d6bf5659ea5e55df022f,1
60c5d6bf5659ea5e55def7bd,1
60c5d6bf5659ea5e55defa14,1
60c5d6bf5659ea5e55defc6d,1
60c5d6bf5659ea5e55deff86,0
60c5d6bf5659ea5e55def94f,0
60c5d6bf5659ea5e55df0066,1
60c5d6bf5659ea5e55defe3b,0
60c5d6bf5659ea5e55df0473,1
60c5d6bf5659ea5e55def639,1
60c5d6bf5659ea5e55df0083,1
60c5d6bf5659ea5e55def1b3,0
60c5d6bf5659ea5e55def5f0,1
60c5d6bf5659ea5e55defe03,1
60c5d6bf5659ea5e55def436,1
60c5d6bf5659ea5e55defb96,0
60c5d6bf5659ea5e55defefb,1
60c5d6bf5659ea5e55def100,1
60c5d6bf5659ea5e55df0446,1
60c5d6bf5659ea5e55defa2b,1
60c5d6bf5659ea5e55df0243,1
60c5d6bf5659ea5e55defb3d,1
60c5d6bf5659ea5e55def4f2,0
60c5d6bf5659ea5e55df013b,1
60c5d6bf5659ea5e55defe4d,0
60c5d6bf5659ea5e55def81f,1
60c5d6bf5659ea5e55def418,1
60c5d6bf5659ea5e55def4ae,0
60c5d6bf5659ea5e55df0460,1
60c5d6bf5659ea5e55deff61,0
60c5d6bf5659ea5e55defc57,0
60c5d6bf5659ea5e55def8f0,1
60c5d6bf5659ea5e55def519,1
60c5d6bf5659ea5e55defd44,1
60c5d6bf5659ea5e55def8a7,1
60c5d6bf5659ea5e55def8ea,1
60c5d6bf5659ea5e55def12c,0
60c5d6bf5659ea5e55defde7,1
60c5d6bf5659ea5e55defc8b,0
60c5d6bf5659ea5e55def6b9,1
60c5d6bf5659ea5e55def234,1
60c5d6bf5659ea5e55defe0c,1
60c5d6bf5659ea5e55defb16,1
60c5d6bf5659ea5e55defac5,1
60c5d6bf5659ea5e55def2a7,1
60c5d6bf5659ea5e55df0008,1
60c5d6bf5659ea5e55def98d,1
60c5d6bf5659ea5e55def49a,1
60c5d6bf5659ea5e55df0408,1
60c5d6bf5659ea5e55def765,1
60c5d6bf5659ea5e55defd9e,0
60c5d6bf5659ea5e55def512,1
60c5d6bf5659ea5e55def305,1
60c5d6bf5659ea5e55df0439,1
60c5d6bf5659ea5e55defb81,1
60c5d6bf5659ea5e55def43f,0
60c5d6bf5659ea5e55def2be,0
60c5d6bf5659ea5e55def6a3,1
60c5d6bf5659ea5e55df039b,0
60c5d6bf5659ea5e55defb51,1
60c5d6bf5659ea5e55def6d5,0
60c5d6bf5659ea5e55defe87,1
60c5d6bf5659ea5e55def716,1
60c5d6bf5659ea5e55def9ec,1
60c5d6bf5659ea5e55df00df,1
60c5d6bf5659ea5e55def74c,0
60c5d6bf5659ea5e55df0380,1
60c5d6bf5659ea5e55defaeb,1
60c5d6bf5659ea5e55df03c3,0
60c5d6bf5659ea5e55def60b,1
