id,label
60c5d7495659ea5e55df0546,HOF
60c5d7495659ea5e55df0591,HOF
60c5d7495659ea5e55df0622,NOT
60c5d7495659ea5e55df0666,HOF
60c5d7495659ea5e55df067b,NOT
60c5d7495659ea5e55df0501,NOT
60c5d7495659ea5e55df0534,NOT
60c5d7495659ea5e55df0559,NOT
60c5d7495659ea5e55df055b,NOT
60c5d7495659ea5e55df0637,NOT
60c5d7495659ea5e55df066f,NOT
60c5d7495659ea5e55df069f,NOT
60c5d7495659ea5e55df06b1,NOT
60c5d7495659ea5e55df0659,HOF
60c5d7495659ea5e55df065a,HOF
60c5d7495659ea5e55df04f8,NOT
60c5d7495659ea5e55df0550,NOT
60c5d7495659ea5e55df0584,NOT
60c5d7495659ea5e55df05a9,NOT
60c5d7495659ea5e55df061f,NOT
60c5d7495659ea5e55df0679,HOF
60c5d7495659ea5e55df06be,NOT
60c5d7495659ea5e55df06de,NOT
60c5d7495659ea5e55df050d,NOT
60c5d7495659ea5e55df054a,NOT
60c5d7495659ea5e55df058a,NOT
60c5d7495659ea5e55df058b,HOF
60c5d7495659ea5e55df0614,NOT
60c5d7495659ea5e55df066a,NOT
60c5d7495659ea5e55df06c6,NOT
60c5d7495659ea5e55df050f,HOF
60c5d7495659ea5e55df0529,NOT
60c5d7495659ea5e55df053f,NOT
60c5d7495659ea5e55df055e,NOT
60c5d7495659ea5e55df056a,NOT
60c5d7495659ea5e55df05dc,NOT
60c5d7495659ea5e55df068c,HOF
60c5d7495659ea5e55df061c,NOT
60c5d7495659ea5e55df06c8,NOT
60c5d7495659ea5e55df0562,NOT
60c5d7495659ea5e55df0567,NOT
60c5d7495659ea5e55df0583,NOT
60c5d7495659ea5e55df05b7,NOT
60c5d7495659ea5e55df061d,NOT
60c5d7495659ea5e55df05af,NOT
60c5d7495659ea5e55df05b8,NOT
60c5d7495659ea5e55df0639,NOT
60c5d7495659ea5e55df06d2,NOT
60c5d7495659ea5e55df0528,HOF
60c5d7495659ea5e55df054d,NOT
60c5d7495659ea5e55df05c5,NOT
60c5d7495659ea5e55df05f7,NOT
60c5d7495659ea5e55df05fc,HOF
60c5d7495659ea5e55df065b,NOT
60c5d7495659ea5e55df0661,NOT
60c5d7495659ea5e55df0683,NOT
60c5d7495659ea5e55df0698,NOT
60c5d7495659ea5e55df0555,NOT
60c5d7495659ea5e55df06bc,NOT
60c5d7495659ea5e55df054e,NOT
60c5d7495659ea5e55df055d,NOT
60c5d7495659ea5e55df06d8,NOT
60c5d7495659ea5e55df06e5,NOT
60c5d7495659ea5e55df04ff,NOT
60c5d7495659ea5e55df0522,NOT
60c5d7495659ea5e55df063a,NOT
60c5d7495659ea5e55df063b,NOT
60c5d7495659ea5e55df0699,NOT
60c5d7495659ea5e55df055a,NOT
60c5d7495659ea5e55df0601,NOT
60c5d7495659ea5e55df0618,NOT
60c5d7495659ea5e55df06e8,NOT
60c5d7495659ea5e55df0503,NOT
60c5d7495659ea5e55df0512,NOT
60c5d7495659ea5e55df0540,NOT
60c5d7495659ea5e55df0572,NOT
60c5d7495659ea5e55df061e,NOT
60c5d7495659ea5e55df0680,NOT
60c5d7495659ea5e55df068e,HOF
60c5d7495659ea5e55df06b8,NOT
60c5d7495659ea5e55df06c4,HOF
60c5d7495659ea5e55df0537,NOT
60c5d7495659ea5e55df0545,NOT
60c5d7495659ea5e55df054c,NOT
60c5d7495659ea5e55df05cf,NOT
60c5d7495659ea5e55df0743,NOT
60c5d7495659ea5e55df082f,NOT
60c5d7495659ea5e55df086d,NOT
60c5d7495659ea5e55df0892,NOT
60c5d7495659ea5e55df08dc,NOT
60c5d7495659ea5e55df071b,NOT
60c5d7495659ea5e55df0728,NOT
60c5d7495659ea5e55df0747,NOT
60c5d7495659ea5e55df0765,HOF
60c5d7495659ea5e55df0851,NOT
60c5d7495659ea5e55df08ba,NOT
60c5d7495659ea5e55df0701,NOT
60c5d7495659ea5e55df0722,NOT
60c5d7495659ea5e55df079d,HOF
60c5d7495659ea5e55df07a2,NOT
60c5d7495659ea5e55df0874,NOT
60c5d7495659ea5e55df087f,NOT
60c5d7495659ea5e55df08a3,NOT
60c5d7495659ea5e55df08d8,NOT
60c5d7495659ea5e55df06f8,HOF
60c5d7495659ea5e55df0773,NOT
60c5d7495659ea5e55df07ac,NOT
60c5d7495659ea5e55df06f9,NOT
60c5d7495659ea5e55df070b,NOT
60c5d7495659ea5e55df0731,NOT
60c5d7495659ea5e55df07be,NOT
60c5d7495659ea5e55df0816,HOF
60c5d7495659ea5e55df0829,NOT
60c5d7495659ea5e55df084f,NOT
60c5d7495659ea5e55df074c,NOT
60c5d7495659ea5e55df0805,NOT
60c5d7495659ea5e55df0810,NOT
60c5d7495659ea5e55df0830,NOT
60c5d7495659ea5e55df084a,NOT
60c5d7495659ea5e55df0734,NOT
60c5d7495659ea5e55df074d,NOT
60c5d7495659ea5e55df0758,HOF
60c5d7495659ea5e55df0787,NOT
60c5d7495659ea5e55df0803,HOF
60c5d7495659ea5e55df0855,NOT
60c5d7495659ea5e55df06f3,NOT
60c5d7495659ea5e55df0751,NOT
60c5d7495659ea5e55df07d7,NOT
60c5d7495659ea5e55df083f,NOT
60c5d7495659ea5e55df085d,HOF
60c5d7495659ea5e55df08b6,NOT
60c5d7495659ea5e55df08cd,NOT
60c5d7495659ea5e55df06f1,NOT
60c5d7495659ea5e55df079a,HOF
60c5d7495659ea5e55df07d5,HOF
60c5d7495659ea5e55df07fe,NOT
60c5d7495659ea5e55df0809,HOF
60c5d7495659ea5e55df082c,NOT
60c5d7495659ea5e55df083e,NOT
60c5d7495659ea5e55df08aa,NOT
60c5d7495659ea5e55df0721,HOF
60c5d7495659ea5e55df0763,NOT
60c5d7495659ea5e55df0785,NOT
60c5d7495659ea5e55df07b6,NOT
60c5d7495659ea5e55df07d3,NOT
60c5d7495659ea5e55df07f0,NOT
60c5d7495659ea5e55df07f6,NOT
60c5d7495659ea5e55df0889,NOT
60c5d7495659ea5e55df08b3,NOT
60c5d7495659ea5e55df0724,NOT
60c5d7495659ea5e55df07b3,NOT
60c5d7495659ea5e55df07c7,NOT
60c5d7495659ea5e55df0818,NOT
60c5d7495659ea5e55df0820,NOT
60c5d7495659ea5e55df0841,NOT
60c5d7495659ea5e55df085f,NOT
60c5d7495659ea5e55df0869,NOT
60c5d7495659ea5e55df086b,NOT
60c5d7495659ea5e55df087a,NOT
60c5d7495659ea5e55df089b,NOT
60c5d7495659ea5e55df06fa,NOT
60c5d7495659ea5e55df072a,NOT
60c5d7495659ea5e55df0738,NOT
60c5d7495659ea5e55df074b,NOT
60c5d7495659ea5e55df0798,NOT
60c5d7495659ea5e55df0896,HOF
60c5d7495659ea5e55df0745,NOT
60c5d7495659ea5e55df07cd,NOT
60c5d7495659ea5e55df07fa,NOT
60c5d7495659ea5e55df0802,NOT
60c5d7495659ea5e55df0807,NOT
60c5d7495659ea5e55df080e,NOT
60c5d7495659ea5e55df0839,NOT
60c5d7495659ea5e55df0865,NOT
60c5d7495659ea5e55df0761,NOT
60c5d7495659ea5e55df08a6,NOT
60c5d7495659ea5e55df0702,NOT
60c5d7495659ea5e55df071a,NOT
60c5d7495659ea5e55df073c,NOT
60c5d7495659ea5e55df0760,NOT
60c5d7495659ea5e55df0782,NOT
60c5d7495659ea5e55df078c,NOT
60c5d7495659ea5e55df07b4,NOT
60c5d7495659ea5e55df07c9,NOT
60c5d7495659ea5e55df07f7,HOF
60c5d7495659ea5e55df0819,NOT
60c5d7495659ea5e55df0881,NOT
60c5d7495659ea5e55df0891,NOT
60c5d7495659ea5e55df089c,HOF
60c5d7495659ea5e55df092c,NOT
60c5d7495659ea5e55df0930,NOT
60c5d7495659ea5e55df0961,NOT
60c5d7495659ea5e55df0969,NOT
60c5d7495659ea5e55df09b9,NOT
60c5d7495659ea5e55df0a2f,NOT
60c5d7495659ea5e55df0a55,NOT
60c5d7495659ea5e55df0a69,NOT
60c5d7495659ea5e55df0ac8,HOF
60c5d7495659ea5e55df0aca,HOF
60c5d7495659ea5e55df0bbf,NOT
60c5d7495659ea5e55df0be4,NOT
60c5d7495659ea5e55df0c1a,NOT
60c5d7495659ea5e55df0c20,NOT
60c5d7495659ea5e55df0c6c,NOT
60c5d7495659ea5e55df095c,NOT
60c5d7495659ea5e55df09e9,NOT
60c5d7495659ea5e55df09f8,NOT
60c5d7495659ea5e55df09ff,NOT
60c5d7495659ea5e55df0a05,NOT
60c5d7495659ea5e55df0a0c,NOT
60c5d7495659ea5e55df0a0f,NOT
60c5d7495659ea5e55df0bbe,NOT
60c5d7495659ea5e55df0c99,NOT
60c5d7495659ea5e55df0cb9,NOT
60c5d7495659ea5e55df0c97,NOT
60c5d7495659ea5e55df0cc1,NOT
60c5d7495659ea5e55df094a,NOT
60c5d7495659ea5e55df0973,NOT
60c5d7495659ea5e55df0990,NOT
60c5d7495659ea5e55df0996,NOT
60c5d7495659ea5e55df0a48,NOT
60c5d7495659ea5e55df0a77,NOT
60c5d7495659ea5e55df0a9b,HOF
60c5d7495659ea5e55df0b34,NOT
60c5d7495659ea5e55df0b38,NOT
60c5d7495659ea5e55df0bd5,NOT
60c5d7495659ea5e55df08ea,NOT
60c5d7495659ea5e55df08eb,NOT
60c5d7495659ea5e55df09a8,NOT
60c5d7495659ea5e55df09cf,NOT
60c5d7495659ea5e55df09e0,HOF
60c5d7495659ea5e55df0a1a,NOT
60c5d7495659ea5e55df0a78,NOT
60c5d7495659ea5e55df0b10,NOT
60c5d7495659ea5e55df091e,NOT
60c5d7495659ea5e55df0971,NOT
60c5d7495659ea5e55df0b4a,NOT
60c5d7495659ea5e55df0b55,NOT
60c5d7495659ea5e55df08f6,NOT
60c5d7495659ea5e55df0911,NOT
60c5d7495659ea5e55df0970,NOT
60c5d7495659ea5e55df09b3,NOT
60c5d7495659ea5e55df09d5,NOT
60c5d7495659ea5e55df0a08,NOT
60c5d7495659ea5e55df0a5f,NOT
60c5d7495659ea5e55df0a7b,NOT
60c5d7495659ea5e55df0b11,NOT
60c5d7495659ea5e55df0b73,NOT
60c5d7495659ea5e55df0bd3,NOT
60c5d7495659ea5e55df0cbe,NOT
60c5d7495659ea5e55df0cb1,NOT
60c5d7495659ea5e55df0900,NOT
60c5d7495659ea5e55df0902,NOT
60c5d7495659ea5e55df091c,NOT
60c5d7495659ea5e55df0937,NOT
60c5d7495659ea5e55df097f,NOT
60c5d7495659ea5e55df09f1,NOT
60c5d7495659ea5e55df09fd,NOT
60c5d7495659ea5e55df0a1e,NOT
60c5d7495659ea5e55df0a33,NOT
60c5d7495659ea5e55df0a79,NOT
60c5d7495659ea5e55df0b53,NOT
60c5d7495659ea5e55df0b93,NOT
60c5d7495659ea5e55df0ba3,NOT
60c5d7495659ea5e55df096f,HOF
60c5d7495659ea5e55df098a,NOT
60c5d7495659ea5e55df09e4,HOF
60c5d7495659ea5e55df0aa1,NOT
60c5d7495659ea5e55df0b0c,NOT
60c5d7495659ea5e55df0c4c,HOF
60c5d7495659ea5e55df0ca7,HOF
60c5d7495659ea5e55df0cb8,NOT
60c5d7495659ea5e55df0cc3,NOT
60c5d7495659ea5e55df08ef,NOT
60c5d7495659ea5e55df090f,NOT
60c5d7495659ea5e55df094c,NOT
60c5d7495659ea5e55df0989,NOT
60c5d7495659ea5e55df09bf,NOT
60c5d7495659ea5e55df09c6,NOT
60c5d7495659ea5e55df09eb,NOT
60c5d7495659ea5e55df0a1f,HOF
60c5d7495659ea5e55df0a6c,NOT
60c5d7495659ea5e55df0a92,NOT
60c5d7495659ea5e55df0ab4,NOT
60c5d7495659ea5e55df0ac9,HOF
60c5d7495659ea5e55df0af4,NOT
60c5d7495659ea5e55df0c52,NOT
60c5d7495659ea5e55df0c7c,NOT
60c5d7495659ea5e55df09d4,NOT
60c5d7495659ea5e55df0a17,HOF
60c5d7495659ea5e55df0a30,NOT
60c5d7495659ea5e55df0a36,NOT
60c5d7495659ea5e55df0a5b,NOT
60c5d7495659ea5e55df0bb1,NOT
60c5d7495659ea5e55df0be1,NOT
60c5d7495659ea5e55df094f,NOT
60c5d7495659ea5e55df096b,NOT
60c5d7495659ea5e55df09e8,NOT
60c5d7495659ea5e55df0a5c,NOT
60c5d7495659ea5e55df0a71,NOT
60c5d7495659ea5e55df0a7e,NOT
60c5d7495659ea5e55df0b32,NOT
60c5d7495659ea5e55df0bea,NOT
60c5d7495659ea5e55df0bef,NOT
60c5d7495659ea5e55df0c21,NOT
60c5d7495659ea5e55df0af2,NOT
60c5d7495659ea5e55df0afd,HOF
60c5d7495659ea5e55df0b4b,NOT
60c5d7495659ea5e55df0b4d,NOT
60c5d7495659ea5e55df0bbb,NOT
60c5d7495659ea5e55df0bc6,NOT
60c5d7495659ea5e55df0bfc,NOT
60c5d7495659ea5e55df0c76,NOT
60c5d7495659ea5e55df0c7e,HOF
60c5d7495659ea5e55df0ca4,NOT
60c5d7495659ea5e55df0cb2,NOT
60c5d7495659ea5e55df09af,NOT
60c5d7495659ea5e55df0a51,NOT
60c5d7495659ea5e55df0a56,NOT
60c5d7495659ea5e55df0a7c,NOT
60c5d7495659ea5e55df0aa8,NOT
60c5d7495659ea5e55df0ae0,NOT
60c5d7495659ea5e55df0b37,NOT
60c5d7495659ea5e55df0b54,HOF
60c5d7495659ea5e55df0b63,NOT
60c5d7495659ea5e55df0c57,NOT
60c5d7495659ea5e55df0cc0,NOT
60c5d7495659ea5e55df09e5,NOT
60c5d7495659ea5e55df0a02,HOF
60c5d7495659ea5e55df0a2e,NOT
60c5d7495659ea5e55df0a32,NOT
60c5d7495659ea5e55df0a6a,NOT
60c5d7495659ea5e55df0a82,NOT
60c5d7495659ea5e55df0a90,NOT
60c5d7495659ea5e55df0a94,HOF
60c5d7495659ea5e55df0ac7,HOF
60c5d7495659ea5e55df0aed,NOT
60c5d7495659ea5e55df090e,NOT
60c5d7495659ea5e55df0939,NOT
60c5d7495659ea5e55df093e,HOF
60c5d7495659ea5e55df0978,NOT
60c5d7495659ea5e55df09a0,NOT
60c5d7495659ea5e55df09f5,NOT
60c5d7495659ea5e55df0a25,NOT
60c5d7495659ea5e55df0a74,HOF
60c5d7495659ea5e55df0aa0,NOT
60c5d7495659ea5e55df0ae3,HOF
60c5d7495659ea5e55df0b87,HOF
60c5d7495659ea5e55df0bd4,NOT
60c5d7495659ea5e55df0bd7,NOT
60c5d7495659ea5e55df0c0f,HOF
60c5d7495659ea5e55df0c64,NOT
60c5d7495659ea5e55df0cb4,NOT
60c5d7495659ea5e55df095d,NOT
60c5d7495659ea5e55df0976,NOT
60c5d7495659ea5e55df0982,NOT
60c5d7495659ea5e55df09d7,NOT
60c5d7495659ea5e55df0a06,NOT
60c5d7495659ea5e55df0a58,NOT
60c5d7495659ea5e55df0a6f,NOT
60c5d7495659ea5e55df0a8c,NOT
60c5d7495659ea5e55df0b05,HOF
60c5d7495659ea5e55df0c22,NOT
60c5d7495659ea5e55df0d48,NOT
60c5d7495659ea5e55df0d54,NOT
60c5d7495659ea5e55df0e13,NOT
60c5d7495659ea5e55df0f22,NOT
60c5d7495659ea5e55df0f58,NOT
60c5d7495659ea5e55df0f81,NOT
60c5d7495659ea5e55df0fee,NOT
60c5d7495659ea5e55df0ff6,NOT
60c5d7495659ea5e55df1042,NOT
60c5d7495659ea5e55df1088,NOT
60c5d7495659ea5e55df0d18,NOT
60c5d7495659ea5e55df0d42,NOT
60c5d7495659ea5e55df0d84,NOT
60c5d7495659ea5e55df0da0,NOT
60c5d7495659ea5e55df0e07,NOT
60c5d7495659ea5e55df0e25,NOT
60c5d7495659ea5e55df0e96,NOT
60c5d7495659ea5e55df0ec7,NOT
60c5d7495659ea5e55df0f32,HOF
60c5d7495659ea5e55df0f88,NOT
60c5d7495659ea5e55df0fdf,HOF
60c5d7495659ea5e55df1083,NOT
60c5d7495659ea5e55df1091,NOT
60c5d7495659ea5e55df0e88,NOT
60c5d7495659ea5e55df0ef1,NOT
60c5d7495659ea5e55df0f4d,NOT
60c5d7495659ea5e55df0f83,NOT
60c5d7495659ea5e55df0fb7,HOF
60c5d7495659ea5e55df0fc3,NOT
60c5d7495659ea5e55df0ff4,HOF
60c5d7495659ea5e55df1001,NOT
60c5d7495659ea5e55df1010,NOT
60c5d7495659ea5e55df1023,NOT
60c5d7495659ea5e55df0cc6,NOT
60c5d7495659ea5e55df0d1a,NOT
60c5d7495659ea5e55df0dcf,NOT
60c5d7495659ea5e55df0de9,HOF
60c5d7495659ea5e55df0df0,NOT
60c5d7495659ea5e55df0e65,NOT
60c5d7495659ea5e55df0f5c,NOT
60c5d7495659ea5e55df0f5e,NOT
60c5d7495659ea5e55df103c,NOT
60c5d7495659ea5e55df1059,NOT
60c5d7495659ea5e55df109c,NOT
60c5d7495659ea5e55df0cdc,NOT
60c5d7495659ea5e55df0ce1,NOT
60c5d7495659ea5e55df0ce9,NOT
60c5d7495659ea5e55df0d1e,NOT
60c5d7495659ea5e55df0d74,HOF
60c5d7495659ea5e55df0dd5,NOT
60c5d7495659ea5e55df0e8a,NOT
60c5d7495659ea5e55df0ebe,NOT
60c5d7495659ea5e55df0f37,HOF
60c5d7495659ea5e55df0fd1,NOT
60c5d7495659ea5e55df0cee,NOT
60c5d7495659ea5e55df0d44,HOF
60c5d7495659ea5e55df0ecb,HOF
60c5d7495659ea5e55df0fa2,NOT
60c5d7495659ea5e55df1020,NOT
60c5d7495659ea5e55df103b,NOT
60c5d7495659ea5e55df0d92,NOT
60c5d7495659ea5e55df0d97,HOF
60c5d7495659ea5e55df0dd3,NOT
60c5d7495659ea5e55df0eba,NOT
60c5d7495659ea5e55df0ec8,NOT
60c5d7495659ea5e55df0f17,NOT
60c5d7495659ea5e55df0f48,NOT
60c5d7495659ea5e55df0f6f,NOT
60c5d7495659ea5e55df0fd0,NOT
60c5d7495659ea5e55df1096,NOT
60c5d7495659ea5e55df0cd5,NOT
60c5d7495659ea5e55df0cdd,NOT
60c5d7495659ea5e55df0d11,NOT
60c5d7495659ea5e55df0d76,NOT
60c5d7495659ea5e55df0e2d,NOT
60c5d7495659ea5e55df0ec2,HOF
60c5d7495659ea5e55df0f90,HOF
60c5d7495659ea5e55df0f9e,NOT
60c5d7495659ea5e55df0fe2,HOF
60c5d7495659ea5e55df1026,NOT
60c5d7495659ea5e55df103f,NOT
60c5d7495659ea5e55df0d52,NOT
60c5d7495659ea5e55df0dfa,NOT
60c5d7495659ea5e55df0e3d,NOT
60c5d7495659ea5e55df0f3b,HOF
60c5d7495659ea5e55df1005,NOT
60c5d7495659ea5e55df0d14,NOT
60c5d7495659ea5e55df0d3a,NOT
60c5d7495659ea5e55df0dc5,NOT
60c5d7495659ea5e55df0df8,NOT
60c5d7495659ea5e55df0e53,NOT
60c5d7495659ea5e55df0efb,NOT
60c5d7495659ea5e55df0f33,NOT
60c5d7495659ea5e55df0fc7,NOT
60c5d7495659ea5e55df0fd7,NOT
60c5d7495659ea5e55df0d16,NOT
60c5d7495659ea5e55df0d46,NOT
60c5d7495659ea5e55df0d90,HOF
60c5d7495659ea5e55df0db7,HOF
60c5d7495659ea5e55df0dd2,NOT
60c5d7495659ea5e55df0dde,NOT
60c5d7495659ea5e55df0dee,NOT
60c5d7495659ea5e55df0e6f,NOT
60c5d7495659ea5e55df0f07,HOF
60c5d7495659ea5e55df0f0b,NOT
60c5d7495659ea5e55df0f56,NOT
60c5d7495659ea5e55df0f5d,HOF
60c5d7495659ea5e55df0f62,NOT
60c5d7495659ea5e55df0d8b,HOF
60c5d7495659ea5e55df0ec1,NOT
60c5d7495659ea5e55df0ef2,NOT
60c5d7495659ea5e55df0ffa,NOT
60c5d7495659ea5e55df1046,NOT
60c5d7495659ea5e55df0d51,NOT
60c5d7495659ea5e55df0dc4,NOT
60c5d7495659ea5e55df0e4c,HOF
60c5d7495659ea5e55df0e62,NOT
60c5d7495659ea5e55df0e66,NOT
60c5d7495659ea5e55df0e68,NOT
60c5d7495659ea5e55df0e6b,NOT
60c5d7495659ea5e55df0e76,HOF
60c5d7495659ea5e55df0e91,NOT
60c5d7495659ea5e55df0ee3,NOT
60c5d7495659ea5e55df0eeb,NOT
60c5d7495659ea5e55df0f6b,NOT
60c5d7495659ea5e55df0f7c,HOF
60c5d7495659ea5e55df0f95,NOT
60c5d7495659ea5e55df0fc2,HOF
60c5d7495659ea5e55df0cdf,NOT
60c5d7495659ea5e55df0d10,NOT
60c5d7495659ea5e55df0e23,HOF
60c5d7495659ea5e55df0ea5,NOT
60c5d7495659ea5e55df0f02,NOT
60c5d7495659ea5e55df0f36,HOF
60c5d7495659ea5e55df0f43,NOT
60c5d7495659ea5e55df0f78,NOT
60c5d7495659ea5e55df0fe0,NOT
60c5d7495659ea5e55df0db2,NOT
60c5d7495659ea5e55df0e24,HOF
60c5d7495659ea5e55df0e2c,HOF
60c5d7495659ea5e55df0eff,HOF
60c5d7495659ea5e55df0f89,HOF
60c5d7495659ea5e55df0f8a,HOF
60c5d7495659ea5e55df1047,NOT
60c5d7495659ea5e55df1099,NOT
60c5d7495659ea5e55df10ac,HOF
60c5d7495659ea5e55df1019,NOT
60c5d7495659ea5e55df105e,NOT
60c5d7495659ea5e55df0cd3,NOT
60c5d7495659ea5e55df0cda,NOT
60c5d7495659ea5e55df0d5b,NOT
60c5d7495659ea5e55df0da6,NOT
60c5d7495659ea5e55df0e2b,NOT
60c5d7495659ea5e55df0e37,NOT
60c5d7495659ea5e55df0e83,NOT
60c5d7495659ea5e55df0e9a,NOT
60c5d7495659ea5e55df0ea8,NOT
60c5d7495659ea5e55df0eaf,NOT
60c5d7495659ea5e55df0eb9,HOF
60c5d7495659ea5e55df0fab,NOT
60c5d7495659ea5e55df0fe8,NOT
60c5d7495659ea5e55df0ff9,NOT
60c5d7495659ea5e55df10a4,NOT
60c5d7495659ea5e55df1167,NOT
60c5d7495659ea5e55df1182,NOT
60c5d7495659ea5e55df11a0,NOT
60c5d7495659ea5e55df11c7,NOT
60c5d7495659ea5e55df1200,NOT
60c5d7495659ea5e55df111b,HOF
60c5d7495659ea5e55df1145,HOF
60c5d7495659ea5e55df11b2,NOT
60c5d7495659ea5e55df113e,NOT
60c5d7495659ea5e55df115b,NOT
60c5d7495659ea5e55df1164,NOT
60c5d7495659ea5e55df11d3,NOT
60c5d7495659ea5e55df11ed,NOT
60c5d7495659ea5e55df1209,NOT
60c5d7495659ea5e55df123b,NOT
60c5d7495659ea5e55df1261,HOF
60c5d7495659ea5e55df1275,NOT
60c5d7495659ea5e55df1106,HOF
60c5d7495659ea5e55df1141,HOF
60c5d7495659ea5e55df11ca,NOT
60c5d7495659ea5e55df11fe,NOT
60c5d7495659ea5e55df122e,NOT
60c5d7495659ea5e55df10be,NOT
60c5d7495659ea5e55df10c8,NOT
60c5d7495659ea5e55df10ff,NOT
60c5d7495659ea5e55df1120,NOT
60c5d7495659ea5e55df115d,HOF
60c5d7495659ea5e55df1171,NOT
60c5d7495659ea5e55df11c0,NOT
60c5d7495659ea5e55df1225,NOT
60c5d7495659ea5e55df1248,NOT
60c5d7495659ea5e55df126e,NOT
60c5d7495659ea5e55df117f,HOF
60c5d7495659ea5e55df11d2,NOT
60c5d7495659ea5e55df1237,HOF
60c5d7495659ea5e55df1101,HOF
60c5d7495659ea5e55df1108,NOT
60c5d7495659ea5e55df111e,NOT
60c5d7495659ea5e55df112f,NOT
60c5d7495659ea5e55df113b,NOT
60c5d7495659ea5e55df1166,HOF
60c5d7495659ea5e55df117a,HOF
60c5d7495659ea5e55df10eb,NOT
60c5d7495659ea5e55df10fb,NOT
60c5d7495659ea5e55df112a,NOT
60c5d7495659ea5e55df1184,NOT
60c5d7495659ea5e55df11a1,NOT
60c5d7495659ea5e55df11e0,HOF
60c5d7495659ea5e55df1212,NOT
60c5d7495659ea5e55df1269,NOT
60c5d7495659ea5e55df111d,NOT
60c5d7495659ea5e55df1127,NOT
60c5d7495659ea5e55df1181,NOT
60c5d7495659ea5e55df11af,NOT
60c5d7495659ea5e55df10f0,NOT
60c5d7495659ea5e55df1110,HOF
60c5d7495659ea5e55df111c,NOT
60c5d7495659ea5e55df1121,NOT
60c5d7495659ea5e55df115c,NOT
60c5d7495659ea5e55df117b,NOT
60c5d7495659ea5e55df11cc,NOT
60c5d7495659ea5e55df11d9,NOT
60c5d7495659ea5e55df11f6,NOT
60c5d7495659ea5e55df10bb,NOT
60c5d7495659ea5e55df10bc,NOT
60c5d7495659ea5e55df10d8,NOT
60c5d7495659ea5e55df10db,NOT
60c5d7495659ea5e55df1132,HOF
60c5d7495659ea5e55df1148,NOT
60c5d7495659ea5e55df11b1,NOT
60c5d7495659ea5e55df11fa,NOT
60c5d7495659ea5e55df1253,NOT
60c5d7495659ea5e55df1256,NOT
60c5d7495659ea5e55df1146,NOT
60c5d7495659ea5e55df11c5,NOT
60c5d7495659ea5e55df120a,NOT
60c5d7495659ea5e55df10dd,NOT
60c5d7495659ea5e55df10fa,NOT
60c5d7495659ea5e55df116a,NOT
60c5d7495659ea5e55df11d0,NOT
60c5d7495659ea5e55df11f5,NOT
60c5d7495659ea5e55df10d5,NOT
60c5d7495659ea5e55df10ed,NOT
60c5d7495659ea5e55df118f,NOT
60c5d7495659ea5e55df1197,NOT
60c5d7495659ea5e55df11e9,NOT
60c5d7495659ea5e55df10df,NOT
60c5d7495659ea5e55df11de,NOT
60c5d7495659ea5e55df130c,NOT
60c5d7495659ea5e55df1321,NOT
60c5d7495659ea5e55df1376,NOT
60c5d7495659ea5e55df1395,NOT
60c5d7495659ea5e55df13c2,NOT
60c5d7495659ea5e55df12bb,NOT
60c5d7495659ea5e55df1312,NOT
60c5d7495659ea5e55df1431,NOT
60c5d7495659ea5e55df132f,NOT
60c5d7495659ea5e55df1391,NOT
60c5d7495659ea5e55df1415,NOT
60c5d7495659ea5e55df145b,NOT
60c5d7495659ea5e55df13bb,NOT
60c5d7495659ea5e55df12d8,NOT
60c5d7495659ea5e55df1363,NOT
60c5d7495659ea5e55df12b8,NOT
60c5d7495659ea5e55df12f4,NOT
60c5d7495659ea5e55df131d,HOF
60c5d7495659ea5e55df13d1,NOT
60c5d7495659ea5e55df13fb,HOF
60c5d7495659ea5e55df12b0,NOT
60c5d7495659ea5e55df1305,HOF
60c5d7495659ea5e55df1311,NOT
60c5d7495659ea5e55df1318,HOF
60c5d7495659ea5e55df1339,NOT
60c5d7495659ea5e55df137d,NOT
60c5d7495659ea5e55df138c,NOT
60c5d7495659ea5e55df13ba,NOT
60c5d7495659ea5e55df1351,NOT
60c5d7495659ea5e55df1372,NOT
60c5d7495659ea5e55df138d,NOT
60c5d7495659ea5e55df1396,NOT
60c5d7495659ea5e55df12b9,NOT
60c5d7495659ea5e55df12bd,NOT
60c5d7495659ea5e55df12db,NOT
60c5d7495659ea5e55df1303,HOF
60c5d7495659ea5e55df1347,NOT
60c5d7495659ea5e55df13ea,NOT
60c5d7495659ea5e55df1473,NOT
60c5d7495659ea5e55df12cf,NOT
60c5d7495659ea5e55df1327,NOT
60c5d7495659ea5e55df1369,NOT
60c5d7495659ea5e55df13c8,NOT
60c5d7495659ea5e55df13d4,HOF
60c5d7495659ea5e55df12d1,NOT
60c5d7495659ea5e55df1314,NOT
60c5d7495659ea5e55df133d,NOT
60c5d7495659ea5e55df13ac,NOT
60c5d7495659ea5e55df13bc,NOT
60c5d7495659ea5e55df13f1,NOT
60c5d7495659ea5e55df1476,NOT
60c5d7495659ea5e55df148d,NOT
60c5d7495659ea5e55df12a3,NOT
60c5d7495659ea5e55df12a7,HOF
60c5d7495659ea5e55df12b6,NOT
60c5d7495659ea5e55df134d,NOT
60c5d7495659ea5e55df13ae,NOT
60c5d7495659ea5e55df13e9,NOT
60c5d7495659ea5e55df1444,NOT
60c5d7495659ea5e55df12e9,NOT
60c5d7495659ea5e55df1300,NOT
60c5d7495659ea5e55df1341,NOT
60c5d7495659ea5e55df1394,NOT
60c5d7495659ea5e55df1399,NOT
60c5d7495659ea5e55df13a7,NOT
60c5d7495659ea5e55df13cd,NOT
60c5d7495659ea5e55df12a9,NOT
60c5d7495659ea5e55df12b4,NOT
60c5d7495659ea5e55df1390,NOT
60c5d7495659ea5e55df1392,NOT
60c5d7495659ea5e55df13ab,NOT
60c5d7495659ea5e55df1401,NOT
60c5d7495659ea5e55df1407,NOT
60c5d7495659ea5e55df1419,NOT
60c5d7495659ea5e55df1447,HOF
60c5d7495659ea5e55df144e,NOT
60c5d7495659ea5e55df1469,NOT
60c5d7495659ea5e55df146d,NOT
60c5d7495659ea5e55df12bf,NOT
60c5d7495659ea5e55df12dd,NOT
60c5d7495659ea5e55df133e,NOT
60c5d7495659ea5e55df133f,NOT
60c5d7495659ea5e55df135a,NOT
60c5d7495659ea5e55df136c,NOT
60c5d7495659ea5e55df13c0,NOT
60c5d7495659ea5e55df142b,NOT
60c5d7495659ea5e55df1448,NOT
60c5d7495659ea5e55df1495,NOT
60c5d7495659ea5e55df1499,NOT
60c5d7495659ea5e55df14b9,NOT
60c5d7495659ea5e55df14bb,NOT
60c5d7495659ea5e55df1501,NOT
60c5d7495659ea5e55df15b9,NOT
60c5d7495659ea5e55df156a,NOT
60c5d7495659ea5e55df15e7,NOT
60c5d7495659ea5e55df15ac,NOT
60c5d7495659ea5e55df15dc,NOT
60c5d7495659ea5e55df160c,NOT
60c5d7495659ea5e55df1636,NOT
60c5d7495659ea5e55df1601,NOT
60c5d7495659ea5e55df14e6,NOT
60c5d7495659ea5e55df151f,NOT
60c5d7495659ea5e55df153b,HOF
60c5d7495659ea5e55df15b4,NOT
60c5d7495659ea5e55df165c,NOT
60c5d7495659ea5e55df14af,HOF
60c5d7495659ea5e55df1522,NOT
60c5d7495659ea5e55df1597,NOT
60c5d7495659ea5e55df159d,NOT
60c5d7495659ea5e55df1674,NOT
60c5d7495659ea5e55df14d2,NOT
60c5d7495659ea5e55df14ea,NOT
60c5d7495659ea5e55df153d,NOT
60c5d7495659ea5e55df1595,NOT
60c5d7495659ea5e55df15a9,NOT
60c5d7495659ea5e55df15c6,NOT
60c5d7495659ea5e55df15da,NOT
60c5d7495659ea5e55df164d,NOT
60c5d7495659ea5e55df14a1,NOT
60c5d7495659ea5e55df14a2,NOT
60c5d7495659ea5e55df14cb,HOF
60c5d7495659ea5e55df156b,NOT
60c5d7495659ea5e55df15cf,NOT
60c5d7495659ea5e55df1620,NOT
60c5d7495659ea5e55df1631,HOF
60c5d7495659ea5e55df149f,NOT
60c5d7495659ea5e55df14a9,NOT
60c5d7495659ea5e55df14fa,NOT
60c5d7495659ea5e55df1509,NOT
60c5d7495659ea5e55df1528,NOT
60c5d7495659ea5e55df1547,NOT
60c5d7495659ea5e55df15a7,NOT
60c5d7495659ea5e55df15ca,NOT
60c5d7495659ea5e55df15f0,NOT
60c5d7495659ea5e55df1626,NOT
60c5d7495659ea5e55df1515,NOT
60c5d7495659ea5e55df162b,NOT
60c5d7495659ea5e55df166d,NOT
60c5d7495659ea5e55df1672,NOT
60c5d7495659ea5e55df149b,NOT
60c5d7495659ea5e55df1571,NOT
60c5d7495659ea5e55df159a,NOT
60c5d7495659ea5e55df15d1,NOT
60c5d7495659ea5e55df1616,NOT
60c5d7495659ea5e55df1650,HOF
60c5d7495659ea5e55df14b5,NOT
60c5d7495659ea5e55df14c0,NOT
60c5d7495659ea5e55df14f1,NOT
60c5d7495659ea5e55df1529,NOT
60c5d7495659ea5e55df156d,NOT
60c5d7495659ea5e55df15cd,NOT
60c5d7495659ea5e55df15d6,HOF
60c5d7495659ea5e55df1635,NOT
60c5d7495659ea5e55df1639,NOT
60c5d7495659ea5e55df1645,NOT
60c5d7495659ea5e55df14f8,NOT
60c5d7495659ea5e55df156c,NOT
60c5d7495659ea5e55df158d,HOF
60c5d7495659ea5e55df15c8,NOT
60c5d7495659ea5e55df1611,NOT
60c5d7495659ea5e55df14b3,HOF
60c5d7495659ea5e55df14ce,NOT
60c5d7495659ea5e55df1524,NOT
60c5d7495659ea5e55df1541,HOF
60c5d7495659ea5e55df1557,NOT
60c5d7495659ea5e55df155a,NOT
60c5d7495659ea5e55df1580,NOT
60c5d7495659ea5e55df15f9,NOT
60c5d7495659ea5e55df1606,NOT
60c5d7495659ea5e55df163e,NOT
60c5d7495659ea5e55df166f,NOT
60c5d7495659ea5e55df14b0,NOT
60c5d7495659ea5e55df14e1,NOT
60c5d7495659ea5e55df1526,HOF
60c5d7495659ea5e55df163c,NOT
60c5d7495659ea5e55df14b4,NOT
60c5d7495659ea5e55df14dc,NOT
60c5d7495659ea5e55df1507,NOT
60c5d7495659ea5e55df1540,NOT
60c5d7495659ea5e55df154e,NOT
60c5d7495659ea5e55df155d,NOT
60c5d7495659ea5e55df15c7,NOT
60c5d7495659ea5e55df1603,HOF
60c5d7495659ea5e55df161d,NOT
60c5d7495659ea5e55df1644,NOT
60c5d7495659ea5e55df1656,NOT
60c5d7495659ea5e55df1662,NOT
60c5d7495659ea5e55df1504,NOT
60c5d7495659ea5e55df1511,NOT
60c5d7495659ea5e55df151b,NOT
60c5d7495659ea5e55df152c,NOT
60c5d7495659ea5e55df1584,NOT
60c5d7495659ea5e55df15af,NOT
60c5d7495659ea5e55df15b5,NOT
60c5d7495659ea5e55df161e,NOT
60c5d7495659ea5e55df1655,NOT
60c5d7495659ea5e55df1552,NOT
60c5d7495659ea5e55df16b9,NOT
60c5d7495659ea5e55df16dd,NOT
60c5d7495659ea5e55df16fe,NOT
60c5d7495659ea5e55df173a,NOT
60c5d7495659ea5e55df1741,NOT
60c5d7495659ea5e55df1764,NOT
60c5d7495659ea5e55df1814,NOT
60c5d7495659ea5e55df16ad,NOT
60c5d7495659ea5e55df16c8,NOT
60c5d7495659ea5e55df170e,NOT
60c5d7495659ea5e55df173c,NOT
60c5d7495659ea5e55df1784,HOF
60c5d7495659ea5e55df1800,NOT
60c5d7495659ea5e55df1689,NOT
60c5d7495659ea5e55df16ea,NOT
60c5d7495659ea5e55df171a,NOT
60c5d7495659ea5e55df1787,NOT
60c5d7495659ea5e55df1797,NOT
60c5d7495659ea5e55df1799,NOT
60c5d7495659ea5e55df17fd,NOT
60c5d7495659ea5e55df1801,NOT
60c5d7495659ea5e55df16f2,NOT
60c5d7495659ea5e55df17e8,NOT
60c5d7495659ea5e55df17fc,NOT
60c5d7495659ea5e55df1715,NOT
60c5d7495659ea5e55df1716,HOF
60c5d7495659ea5e55df17b5,NOT
60c5d7495659ea5e55df16cb,NOT
60c5d7495659ea5e55df16ff,NOT
60c5d7495659ea5e55df17a9,NOT
60c5d7495659ea5e55df17c9,NOT
60c5d7495659ea5e55df1804,NOT
60c5d7495659ea5e55df169c,NOT
60c5d7495659ea5e55df172b,NOT
60c5d7495659ea5e55df17bc,HOF
60c5d7495659ea5e55df180c,NOT
60c5d7495659ea5e55df169b,NOT
60c5d7495659ea5e55df171f,NOT
60c5d7495659ea5e55df1752,NOT
60c5d7495659ea5e55df1798,NOT
60c5d7495659ea5e55df17a7,NOT
60c5d7495659ea5e55df17d1,NOT
60c5d7495659ea5e55df177f,NOT
60c5d7495659ea5e55df180d,NOT
60c5d7495659ea5e55df1738,NOT
60c5d7495659ea5e55df1760,NOT
60c5d7495659ea5e55df169e,NOT
60c5d7495659ea5e55df16f0,NOT
60c5d7495659ea5e55df179d,NOT
60c5d7495659ea5e55df1950,NOT
60c5d7495659ea5e55df19bb,HOF
60c5d7495659ea5e55df19dd,NOT
60c5d7495659ea5e55df1a04,NOT
60c5d7495659ea5e55df1a8f,NOT
60c5d7495659ea5e55df1b3e,NOT
60c5d7495659ea5e55df1b7f,NOT
60c5d7495659ea5e55df1c74,HOF
60c5d7495659ea5e55df1c87,HOF
60c5d7495659ea5e55df1cc1,NOT
60c5d7495659ea5e55df18cd,NOT
60c5d7495659ea5e55df199f,NOT
60c5d7495659ea5e55df19ce,NOT
60c5d7495659ea5e55df1a4c,NOT
60c5d7495659ea5e55df1aba,NOT
60c5d7495659ea5e55df1b05,NOT
60c5d7495659ea5e55df1b25,NOT
60c5d7495659ea5e55df1c9f,NOT
60c5d7495659ea5e55df1d37,NOT
60c5d7495659ea5e55df1d72,NOT
60c5d7495659ea5e55df1d96,NOT
60c5d7495659ea5e55df1961,NOT
60c5d7495659ea5e55df19b9,NOT
60c5d7495659ea5e55df19d8,NOT
60c5d7495659ea5e55df19df,NOT
60c5d7495659ea5e55df19fa,NOT
60c5d7495659ea5e55df1a0c,NOT
60c5d7495659ea5e55df1a2a,NOT
60c5d7495659ea5e55df1a53,NOT
60c5d7495659ea5e55df1a70,NOT
60c5d7495659ea5e55df1a9d,NOT
60c5d7495659ea5e55df1b08,NOT
60c5d7495659ea5e55df1b40,NOT
60c5d7495659ea5e55df1b7e,NOT
60c5d7495659ea5e55df1b8d,NOT
60c5d7495659ea5e55df191d,NOT
60c5d7495659ea5e55df1937,NOT
60c5d7495659ea5e55df1964,NOT
60c5d7495659ea5e55df19b7,NOT
60c5d7495659ea5e55df19de,NOT
60c5d7495659ea5e55df1a57,NOT
60c5d7495659ea5e55df1acc,NOT
60c5d7495659ea5e55df1ae5,HOF
60c5d7495659ea5e55df1af6,NOT
60c5d7495659ea5e55df1b10,HOF
60c5d7495659ea5e55df1ce5,HOF
60c5d7495659ea5e55df1cfa,HOF
60c5d7495659ea5e55df1d43,NOT
60c5d7495659ea5e55df1d6b,NOT
60c5d7495659ea5e55df1dca,NOT
60c5d7495659ea5e55df1c2b,NOT
60c5d7495659ea5e55df1c2c,NOT
60c5d7495659ea5e55df1c36,HOF
60c5d7495659ea5e55df1988,HOF
60c5d7495659ea5e55df19a8,NOT
60c5d7495659ea5e55df19b1,NOT
60c5d7495659ea5e55df1a69,NOT
60c5d7495659ea5e55df1aaa,NOT
60c5d7495659ea5e55df1acf,NOT
60c5d7495659ea5e55df1b78,NOT
60c5d7495659ea5e55df1bc3,NOT
60c5d7495659ea5e55df1bf2,NOT
60c5d7495659ea5e55df198a,NOT
60c5d7495659ea5e55df19b5,NOT
60c5d7495659ea5e55df19d0,NOT
60c5d7495659ea5e55df1a99,NOT
60c5d7495659ea5e55df1aa1,NOT
60c5d7495659ea5e55df1aa9,NOT
60c5d7495659ea5e55df1aaf,NOT
60c5d7495659ea5e55df1abf,NOT
60c5d7495659ea5e55df1ae2,NOT
60c5d7495659ea5e55df1b0e,NOT
60c5d7495659ea5e55df1b2f,NOT
60c5d7495659ea5e55df1b80,NOT
60c5d7495659ea5e55df1bb1,NOT
60c5d7495659ea5e55df1c55,NOT
60c5d7495659ea5e55df1d1f,NOT
60c5d7495659ea5e55df1c05,NOT
60c5d7495659ea5e55df1c09,NOT
60c5d7495659ea5e55df189d,NOT
60c5d7495659ea5e55df18a0,NOT
60c5d7495659ea5e55df19ed,NOT
60c5d7495659ea5e55df1a58,NOT
60c5d7495659ea5e55df1b4b,NOT
60c5d7495659ea5e55df1c1b,NOT
60c5d7495659ea5e55df18a6,HOF
60c5d7495659ea5e55df1917,NOT
60c5d7495659ea5e55df1b66,NOT
60c5d7495659ea5e55df1bd1,NOT
60c5d7495659ea5e55df1c16,NOT
60c5d7495659ea5e55df1c3a,HOF
60c5d7495659ea5e55df18c3,NOT
60c5d7495659ea5e55df18dd,NOT
60c5d7495659ea5e55df19a0,NOT
60c5d7495659ea5e55df19cc,NOT
60c5d7495659ea5e55df1a05,NOT
60c5d7495659ea5e55df1a06,NOT
60c5d7495659ea5e55df1a98,NOT
60c5d7495659ea5e55df1a9c,NOT
60c5d7495659ea5e55df1aeb,NOT
60c5d7495659ea5e55df1b21,NOT
60c5d7495659ea5e55df1b87,NOT
60c5d7495659ea5e55df1c3d,NOT
60c5d7495659ea5e55df1c82,HOF
60c5d7495659ea5e55df1cb1,HOF
60c5d7495659ea5e55df1cb6,NOT
60c5d7495659ea5e55df1cc8,NOT
60c5d7495659ea5e55df1d29,NOT
60c5d7495659ea5e55df1d09,HOF
60c5d7495659ea5e55df1d1a,NOT
60c5d7495659ea5e55df1d0a,NOT
60c5d7495659ea5e55df1d24,NOT
60c5d7495659ea5e55df18e0,NOT
60c5d7495659ea5e55df1947,NOT
60c5d7495659ea5e55df1b47,NOT
60c5d7495659ea5e55df1bcc,NOT
60c5d7495659ea5e55df1885,NOT
60c5d7495659ea5e55df1958,NOT
60c5d7495659ea5e55df197e,NOT
60c5d7495659ea5e55df19d1,NOT
60c5d7495659ea5e55df19eb,HOF
60c5d7495659ea5e55df1acd,NOT
60c5d7495659ea5e55df1b3d,NOT
60c5d7495659ea5e55df1b72,NOT
60c5d7495659ea5e55df1b86,NOT
60c5d7495659ea5e55df1c0a,NOT
60c5d7495659ea5e55df1c23,NOT
60c5d7495659ea5e55df18ce,NOT
60c5d7495659ea5e55df194a,NOT
60c5d7495659ea5e55df195b,HOF
60c5d7495659ea5e55df197f,NOT
60c5d7495659ea5e55df19d7,NOT
60c5d7495659ea5e55df1b3c,NOT
60c5d7495659ea5e55df1b4e,NOT
60c5d7495659ea5e55df1b76,NOT
60c5d7495659ea5e55df1cba,NOT
60c5d7495659ea5e55df18e3,NOT
60c5d7495659ea5e55df1939,NOT
60c5d7495659ea5e55df1960,NOT
60c5d7495659ea5e55df1980,HOF
60c5d7495659ea5e55df1a36,NOT
60c5d7495659ea5e55df1ad7,NOT
60c5d7495659ea5e55df1b2b,NOT
60c5d7495659ea5e55df1b67,NOT
60c5d7495659ea5e55df1bc9,NOT
60c5d7495659ea5e55df1bfd,NOT
60c5d7495659ea5e55df1c00,NOT
60c5d7495659ea5e55df1c11,NOT
60c5d7495659ea5e55df1c59,NOT
60c5d7495659ea5e55df1ccd,HOF
60c5d7495659ea5e55df1962,NOT
60c5d7495659ea5e55df19c6,NOT
60c5d7495659ea5e55df1a08,HOF
60c5d7495659ea5e55df1a5d,NOT
60c5d7495659ea5e55df1a95,NOT
60c5d7495659ea5e55df1aa8,HOF
60c5d7495659ea5e55df1aad,NOT
60c5d7495659ea5e55df1b1e,NOT
60c5d7495659ea5e55df1bc8,NOT
60c5d7495659ea5e55df1c68,NOT
60c5d7495659ea5e55df1c9a,NOT
60c5d7495659ea5e55df18c5,NOT
60c5d7495659ea5e55df199a,NOT
60c5d7495659ea5e55df1a81,NOT
60c5d7495659ea5e55df1a9b,NOT
60c5d7495659ea5e55df1b8b,NOT
60c5d7495659ea5e55df1bdf,NOT
60c5d7495659ea5e55df1be1,HOF
60c5d7495659ea5e55df1bee,NOT
60c5d7495659ea5e55df1c30,HOF
60c5d7495659ea5e55df1c34,NOT
60c5d7495659ea5e55df1c44,HOF
60c5d7495659ea5e55df1c47,NOT
60c5d7495659ea5e55df1ca5,NOT
60c5d7495659ea5e55df1cce,HOF
60c5d7495659ea5e55df1d21,NOT
60c5d7495659ea5e55df190d,HOF
60c5d7495659ea5e55df195e,NOT
60c5d7495659ea5e55df1989,NOT
60c5d7495659ea5e55df19e9,NOT
60c5d7495659ea5e55df1a07,NOT
60c5d7495659ea5e55df1a78,NOT
60c5d7495659ea5e55df1a7f,NOT
60c5d7495659ea5e55df1af3,NOT
60c5d7495659ea5e55df1b2e,NOT
60c5d7495659ea5e55df1b82,NOT
60c5d7495659ea5e55df1b9e,NOT
60c5d7495659ea5e55df1bcb,NOT
60c5d7495659ea5e55df1bda,NOT
60c5d7495659ea5e55df1bf4,NOT
60c5d7495659ea5e55df1c0e,NOT
60c5d7495659ea5e55df1ca8,NOT
60c5d7495659ea5e55df0505,NOT
60c5d7495659ea5e55df0506,NOT
60c5d7495659ea5e55df0547,HOF
60c5d7495659ea5e55df060f,HOF
60c5d7495659ea5e55df0672,HOF
60c5d7495659ea5e55df069c,NOT
60c5d7495659ea5e55df050c,NOT
60c5d7495659ea5e55df0662,HOF
60c5d7495659ea5e55df0603,NOT
60c5d7495659ea5e55df06da,NOT
60c5d7495659ea5e55df0532,NOT
60c5d7495659ea5e55df0566,NOT
60c5d7495659ea5e55df0613,NOT
60c5d7495659ea5e55df0504,NOT
60c5d7495659ea5e55df0655,HOF
60c5d7495659ea5e55df06d7,NOT
60c5d7495659ea5e55df0518,HOF
60c5d7495659ea5e55df05ff,NOT
60c5d7495659ea5e55df0630,NOT
60c5d7495659ea5e55df063d,HOF
60c5d7495659ea5e55df0640,NOT
60c5d7495659ea5e55df06a7,HOF
60c5d7495659ea5e55df06bf,NOT
60c5d7495659ea5e55df0674,NOT
60c5d7495659ea5e55df056f,NOT
60c5d7495659ea5e55df0609,NOT
60c5d7495659ea5e55df065c,HOF
60c5d7495659ea5e55df06ab,NOT
60c5d7495659ea5e55df0543,NOT
60c5d7495659ea5e55df0585,NOT
60c5d7495659ea5e55df05a0,HOF
60c5d7495659ea5e55df0673,NOT
60c5d7495659ea5e55df05f1,NOT
60c5d7495659ea5e55df0695,HOF
60c5d7495659ea5e55df0739,HOF
60c5d7495659ea5e55df0857,HOF
60c5d7495659ea5e55df0768,HOF
60c5d7495659ea5e55df076d,NOT
60c5d7495659ea5e55df0797,NOT
60c5d7495659ea5e55df077e,NOT
60c5d7495659ea5e55df07e0,NOT
60c5d7495659ea5e55df0847,HOF
60c5d7495659ea5e55df087d,NOT
60c5d7495659ea5e55df08c3,HOF
60c5d7495659ea5e55df0783,NOT
60c5d7495659ea5e55df0707,HOF
60c5d7495659ea5e55df08bb,NOT
60c5d7495659ea5e55df082a,HOF
60c5d7495659ea5e55df0770,NOT
60c5d7495659ea5e55df07c3,NOT
60c5d7495659ea5e55df0852,NOT
60c5d7495659ea5e55df082b,HOF
60c5d7495659ea5e55df07b0,HOF
60c5d7495659ea5e55df070d,NOT
60c5d7495659ea5e55df0714,NOT
60c5d7495659ea5e55df07d2,HOF
60c5d7495659ea5e55df0710,HOF
60c5d7495659ea5e55df076a,NOT
60c5d7495659ea5e55df0899,HOF
60c5d7495659ea5e55df0a7d,HOF
60c5d7495659ea5e55df0b28,HOF
60c5d7495659ea5e55df0b5d,HOF
60c5d7495659ea5e55df0c55,HOF
60c5d7495659ea5e55df0936,HOF
60c5d7495659ea5e55df0a59,NOT
60c5d7495659ea5e55df08ff,HOF
60c5d7495659ea5e55df0946,NOT
60c5d7495659ea5e55df0add,NOT
60c5d7495659ea5e55df0b64,HOF
60c5d7495659ea5e55df0c1d,NOT
60c5d7495659ea5e55df0c26,NOT
60c5d7495659ea5e55df0c2c,NOT
60c5d7495659ea5e55df0c92,NOT
60c5d7495659ea5e55df0a4a,HOF
60c5d7495659ea5e55df0af1,HOF
60c5d7495659ea5e55df0bbc,NOT
60c5d7495659ea5e55df0bdd,NOT
60c5d7495659ea5e55df0c27,NOT
60c5d7495659ea5e55df0c37,NOT
60c5d7495659ea5e55df0c65,NOT
60c5d7495659ea5e55df0997,HOF
60c5d7495659ea5e55df0a53,HOF
60c5d7495659ea5e55df0b03,NOT
60c5d7495659ea5e55df0b59,NOT
60c5d7495659ea5e55df0bd9,NOT
60c5d7495659ea5e55df0c41,HOF
60c5d7495659ea5e55df093b,NOT
60c5d7495659ea5e55df099c,HOF
60c5d7495659ea5e55df09c8,HOF
60c5d7495659ea5e55df0b01,NOT
60c5d7495659ea5e55df0c0e,NOT
60c5d7495659ea5e55df0c2f,HOF
60c5d7495659ea5e55df0c8d,HOF
60c5d7495659ea5e55df0ba7,NOT
60c5d7495659ea5e55df0ae7,NOT
60c5d7495659ea5e55df0b79,NOT
60c5d7495659ea5e55df0ba4,HOF
60c5d7495659ea5e55df0bdc,NOT
60c5d7495659ea5e55df0c45,HOF
60c5d7495659ea5e55df08f9,NOT
60c5d7495659ea5e55df0af7,NOT
60c5d7495659ea5e55df0b88,NOT
60c5d7495659ea5e55df0bdf,NOT
60c5d7495659ea5e55df0c17,HOF
60c5d7495659ea5e55df0c53,HOF
60c5d7495659ea5e55df0c98,HOF
60c5d7495659ea5e55df0c11,NOT
60c5d7495659ea5e55df0c19,NOT
60c5d7495659ea5e55df0cad,NOT
60c5d7495659ea5e55df0920,NOT
60c5d7495659ea5e55df0945,HOF
60c5d7495659ea5e55df0949,HOF
60c5d7495659ea5e55df09a2,HOF
60c5d7495659ea5e55df09f0,NOT
60c5d7495659ea5e55df0a97,NOT
60c5d7495659ea5e55df0c39,HOF
60c5d7495659ea5e55df08e2,NOT
60c5d7495659ea5e55df090b,NOT
60c5d7495659ea5e55df0956,NOT
60c5d7495659ea5e55df09bc,NOT
60c5d7495659ea5e55df09c2,NOT
60c5d7495659ea5e55df0a44,HOF
60c5d7495659ea5e55df0b2f,NOT
60c5d7495659ea5e55df0b65,NOT
60c5d7495659ea5e55df0b7c,NOT
60c5d7495659ea5e55df0b90,NOT
60c5d7495659ea5e55df0ca2,NOT
60c5d7495659ea5e55df0b41,NOT
60c5d7495659ea5e55df0b83,NOT
60c5d7495659ea5e55df0bf5,HOF
60c5d7495659ea5e55df0c05,NOT
60c5d7495659ea5e55df0c6e,HOF
60c5d7495659ea5e55df0c83,HOF
60c5d7495659ea5e55df08ed,NOT
60c5d7495659ea5e55df0909,NOT
60c5d7495659ea5e55df0988,HOF
60c5d7495659ea5e55df0a2a,NOT
60c5d7495659ea5e55df0a66,NOT
60c5d7495659ea5e55df0c08,NOT
60c5d7495659ea5e55df0c1c,NOT
60c5d7495659ea5e55df0caf,NOT
60c5d7495659ea5e55df0a20,HOF
60c5d7495659ea5e55df0bdb,NOT
60c5d7495659ea5e55df0c28,NOT
60c5d7495659ea5e55df0c59,HOF
60c5d7495659ea5e55df0c8a,NOT
60c5d7495659ea5e55df08f2,NOT
60c5d7495659ea5e55df0a10,NOT
60c5d7495659ea5e55df0b13,NOT
60c5d7495659ea5e55df0b33,NOT
60c5d7495659ea5e55df0928,NOT
60c5d7495659ea5e55df092f,NOT
60c5d7495659ea5e55df094e,HOF
60c5d7495659ea5e55df09c9,HOF
60c5d7495659ea5e55df0a4f,NOT
60c5d7495659ea5e55df0a62,HOF
60c5d7495659ea5e55df0b06,NOT
60c5d7495659ea5e55df0b26,NOT
60c5d7495659ea5e55df0c4e,NOT
60c5d7495659ea5e55df0c6b,NOT
60c5d7495659ea5e55df0cbd,NOT
60c5d7495659ea5e55df0cf3,HOF
60c5d7495659ea5e55df0e0e,HOF
60c5d7495659ea5e55df0e1a,NOT
60c5d7495659ea5e55df0fec,HOF
60c5d7495659ea5e55df0d32,NOT
60c5d7495659ea5e55df0d50,NOT
60c5d7495659ea5e55df0e85,NOT
60c5d7495659ea5e55df0f57,HOF
60c5d7495659ea5e55df0d6a,NOT
60c5d7495659ea5e55df0dfd,NOT
60c5d7495659ea5e55df0e28,HOF
60c5d7495659ea5e55df0e98,NOT
60c5d7495659ea5e55df0da4,HOF
60c5d7495659ea5e55df0e58,NOT
60c5d7495659ea5e55df0ecc,NOT
60c5d7495659ea5e55df0fb1,NOT
60c5d7495659ea5e55df0d6b,NOT
60c5d7495659ea5e55df0d8d,HOF
60c5d7495659ea5e55df0da9,NOT
60c5d7495659ea5e55df0dae,NOT
60c5d7495659ea5e55df0ecd,HOF
60c5d7495659ea5e55df0f29,NOT
60c5d7495659ea5e55df0fbd,NOT
60c5d7495659ea5e55df105c,NOT
60c5d7495659ea5e55df0d61,HOF
60c5d7495659ea5e55df0f64,NOT
60c5d7495659ea5e55df0fbe,NOT
60c5d7495659ea5e55df1015,NOT
60c5d7495659ea5e55df10a2,NOT
60c5d7495659ea5e55df0cd4,NOT
60c5d7495659ea5e55df0d6d,NOT
60c5d7495659ea5e55df0dc8,NOT
60c5d7495659ea5e55df0fae,NOT
60c5d7495659ea5e55df102c,NOT
60c5d7495659ea5e55df0d65,NOT
60c5d7495659ea5e55df0da3,NOT
60c5d7495659ea5e55df0dac,HOF
60c5d7495659ea5e55df0edf,NOT
60c5d7495659ea5e55df0f26,NOT
60c5d7495659ea5e55df0f4f,HOF
60c5d7495659ea5e55df0fb6,NOT
60c5d7495659ea5e55df102e,NOT
60c5d7495659ea5e55df0e02,NOT
60c5d7495659ea5e55df0e22,HOF
60c5d7495659ea5e55df0e7f,NOT
60c5d7495659ea5e55df0ea2,NOT
60c5d7495659ea5e55df0eb1,NOT
60c5d7495659ea5e55df0ed2,HOF
60c5d7495659ea5e55df0f31,HOF
60c5d7495659ea5e55df0fc4,NOT
60c5d7495659ea5e55df0d66,NOT
60c5d7495659ea5e55df0d6f,NOT
60c5d7495659ea5e55df0ed1,NOT
60c5d7495659ea5e55df0ea1,HOF
60c5d7495659ea5e55df0f99,NOT
60c5d7495659ea5e55df0fc9,NOT
60c5d7495659ea5e55df0d0b,HOF
60c5d7495659ea5e55df0d40,NOT
60c5d7495659ea5e55df0df4,NOT
60c5d7495659ea5e55df0e15,HOF
60c5d7495659ea5e55df0e47,NOT
60c5d7495659ea5e55df0ff3,NOT
60c5d7495659ea5e55df0d36,NOT
60c5d7495659ea5e55df0d4e,NOT
60c5d7495659ea5e55df0e51,NOT
60c5d7495659ea5e55df0e9f,NOT
60c5d7495659ea5e55df0fb5,NOT
60c5d7495659ea5e55df0cfb,NOT
60c5d7495659ea5e55df0d39,NOT
60c5d7495659ea5e55df1018,NOT
60c5d7495659ea5e55df0ce4,NOT
60c5d7495659ea5e55df0d4f,NOT
60c5d7495659ea5e55df0dad,NOT
60c5d7495659ea5e55df0eea,NOT
60c5d7495659ea5e55df10a8,HOF
60c5d7495659ea5e55df123a,HOF
60c5d7495659ea5e55df127d,NOT
60c5d7495659ea5e55df11b8,HOF
60c5d7495659ea5e55df1169,HOF
60c5d7495659ea5e55df116e,NOT
60c5d7495659ea5e55df118c,HOF
60c5d7495659ea5e55df11be,HOF
60c5d7495659ea5e55df10fd,NOT
60c5d7495659ea5e55df11c2,NOT
60c5d7495659ea5e55df1107,HOF
60c5d7495659ea5e55df116b,HOF
60c5d7495659ea5e55df1153,HOF
60c5d7495659ea5e55df1130,HOF
60c5d7495659ea5e55df1250,HOF
60c5d7495659ea5e55df128b,HOF
60c5d7495659ea5e55df112b,HOF
60c5d7495659ea5e55df11a2,NOT
60c5d7495659ea5e55df11f3,HOF
60c5d7495659ea5e55df10ce,HOF
60c5d7495659ea5e55df11d6,HOF
60c5d7495659ea5e55df1287,HOF
60c5d7495659ea5e55df11eb,NOT
60c5d7495659ea5e55df121d,HOF
60c5d7495659ea5e55df10e4,NOT
60c5d7495659ea5e55df1140,NOT
60c5d7495659ea5e55df1147,NOT
60c5d7495659ea5e55df11e4,NOT
60c5d7495659ea5e55df11fd,NOT
60c5d7495659ea5e55df125b,NOT
60c5d7495659ea5e55df10de,NOT
60c5d7495659ea5e55df10e5,HOF
60c5d7495659ea5e55df1160,HOF
60c5d7495659ea5e55df1170,NOT
60c5d7495659ea5e55df1172,NOT
60c5d7495659ea5e55df11dd,NOT
60c5d7495659ea5e55df123e,NOT
60c5d7495659ea5e55df124c,HOF
60c5d7495659ea5e55df118a,NOT
60c5d7495659ea5e55df11cf,NOT
60c5d7495659ea5e55df11e7,NOT
60c5d7495659ea5e55df1213,HOF
60c5d7495659ea5e55df1268,NOT
60c5d7495659ea5e55df12d2,NOT
60c5d7495659ea5e55df13b5,HOF
60c5d7495659ea5e55df13d7,NOT
60c5d7495659ea5e55df13a0,NOT
60c5d7495659ea5e55df13d2,HOF
60c5d7495659ea5e55df1411,NOT
60c5d7495659ea5e55df1488,NOT
60c5d7495659ea5e55df1381,NOT
60c5d7495659ea5e55df12d6,NOT
60c5d7495659ea5e55df131f,NOT
60c5d7495659ea5e55df13b7,HOF
60c5d7495659ea5e55df148b,NOT
60c5d7495659ea5e55df141d,HOF
60c5d7495659ea5e55df13a3,NOT
60c5d7495659ea5e55df13ca,NOT
60c5d7495659ea5e55df12e0,NOT
60c5d7495659ea5e55df1377,HOF
60c5d7495659ea5e55df147e,HOF
60c5d7495659ea5e55df12e7,HOF
60c5d7495659ea5e55df12f9,HOF
60c5d7495659ea5e55df1324,HOF
60c5d7495659ea5e55df13f4,NOT
60c5d7495659ea5e55df13c6,NOT
60c5d7495659ea5e55df1388,HOF
60c5d7495659ea5e55df13f6,NOT
60c5d7495659ea5e55df144d,HOF
60c5d7495659ea5e55df1349,HOF
60c5d7495659ea5e55df13ad,HOF
60c5d7495659ea5e55df13db,NOT
60c5d7495659ea5e55df147d,NOT
60c5d7495659ea5e55df1633,HOF
60c5d7495659ea5e55df1545,HOF
60c5d7495659ea5e55df15cc,HOF
60c5d7495659ea5e55df15f7,NOT
60c5d7495659ea5e55df1598,NOT
60c5d7495659ea5e55df15e9,NOT
60c5d7495659ea5e55df1583,NOT
60c5d7495659ea5e55df1577,HOF
60c5d7495659ea5e55df15ab,NOT
60c5d7495659ea5e55df15ed,NOT
60c5d7495659ea5e55df1497,NOT
60c5d7495659ea5e55df15e6,NOT
60c5d7495659ea5e55df1676,HOF
60c5d7495659ea5e55df15a2,HOF
60c5d7495659ea5e55df15e3,NOT
60c5d7495659ea5e55df14e5,NOT
60c5d7495659ea5e55df14f4,NOT
60c5d7495659ea5e55df150d,NOT
60c5d7495659ea5e55df1586,NOT
60c5d7495659ea5e55df1602,NOT
60c5d7495659ea5e55df14c1,NOT
60c5d7495659ea5e55df1665,NOT
60c5d7495659ea5e55df14e3,HOF
60c5d7495659ea5e55df1510,NOT
60c5d7495659ea5e55df15c1,NOT
60c5d7495659ea5e55df1745,HOF
60c5d7495659ea5e55df17c1,HOF
60c5d7495659ea5e55df170d,HOF
60c5d7495659ea5e55df170f,NOT
60c5d7495659ea5e55df1753,HOF
60c5d7495659ea5e55df175d,NOT
60c5d7495659ea5e55df16a1,NOT
60c5d7495659ea5e55df16ae,HOF
60c5d7495659ea5e55df17e0,NOT
60c5d7495659ea5e55df16d4,HOF
60c5d7495659ea5e55df1722,NOT
60c5d7495659ea5e55df175b,HOF
60c5d7495659ea5e55df17bb,HOF
60c5d7495659ea5e55df17d6,NOT
60c5d7495659ea5e55df1756,HOF
60c5d7495659ea5e55df17e5,HOF
60c5d7495659ea5e55df1712,NOT
60c5d7495659ea5e55df1721,HOF
60c5d7495659ea5e55df1740,HOF
60c5d7495659ea5e55df175e,NOT
60c5d7495659ea5e55df16c3,NOT
60c5d7495659ea5e55df16d1,NOT
60c5d7495659ea5e55df1748,NOT
60c5d7495659ea5e55df1749,NOT
60c5d7495659ea5e55df1768,NOT
60c5d7495659ea5e55df1815,HOF
60c5d7495659ea5e55df16ba,HOF
60c5d7495659ea5e55df16ca,NOT
60c5d7495659ea5e55df16fa,NOT
60c5d7495659ea5e55df1709,NOT
60c5d7495659ea5e55df1767,NOT
60c5d7495659ea5e55df16c4,NOT
60c5d7495659ea5e55df16e9,NOT
60c5d7495659ea5e55df1725,NOT
60c5d7495659ea5e55df179e,NOT
60c5d7495659ea5e55df17d9,NOT
60c5d7495659ea5e55df16a7,HOF
60c5d7495659ea5e55df1746,NOT
60c5d7495659ea5e55df18eb,NOT
60c5d7495659ea5e55df18ef,NOT
60c5d7495659ea5e55df19d5,HOF
60c5d7495659ea5e55df19fb,HOF
60c5d7495659ea5e55df1c02,NOT
60c5d7495659ea5e55df1c1e,NOT
60c5d7495659ea5e55df1c72,HOF
60c5d7495659ea5e55df18c1,HOF
60c5d7495659ea5e55df193f,NOT
60c5d7495659ea5e55df1982,NOT
60c5d7495659ea5e55df1ab3,NOT
60c5d7495659ea5e55df1b9d,NOT
60c5d7495659ea5e55df1c51,HOF
60c5d7495659ea5e55df1cd6,NOT
60c5d7495659ea5e55df1d95,NOT
60c5d7495659ea5e55df1dd6,NOT
60c5d7495659ea5e55df188c,NOT
60c5d7495659ea5e55df18fb,NOT
60c5d7495659ea5e55df190a,HOF
60c5d7495659ea5e55df1901,NOT
60c5d7495659ea5e55df1a2f,NOT
60c5d7495659ea5e55df1a56,NOT
60c5d7495659ea5e55df1b4d,HOF
60c5d7495659ea5e55df1c14,NOT
60c5d7495659ea5e55df1da1,HOF
60c5d7495659ea5e55df1894,NOT
60c5d7495659ea5e55df1912,NOT
60c5d7495659ea5e55df1928,HOF
60c5d7495659ea5e55df1941,HOF
60c5d7495659ea5e55df197c,NOT
60c5d7495659ea5e55df1a3d,HOF
60c5d7495659ea5e55df187e,HOF
60c5d7495659ea5e55df1884,NOT
60c5d7495659ea5e55df18c8,NOT
60c5d7495659ea5e55df18d0,NOT
60c5d7495659ea5e55df18d7,NOT
60c5d7495659ea5e55df1920,NOT
60c5d7495659ea5e55df19b2,NOT
60c5d7495659ea5e55df19ec,HOF
60c5d7495659ea5e55df1ac9,NOT
60c5d7495659ea5e55df1b90,NOT
60c5d7495659ea5e55df1ba5,NOT
60c5d7495659ea5e55df1d34,NOT
60c5d7495659ea5e55df189b,NOT
60c5d7495659ea5e55df19e1,NOT
60c5d7495659ea5e55df1a49,HOF
60c5d7495659ea5e55df1ac7,HOF
60c5d7495659ea5e55df1b04,NOT
60c5d7495659ea5e55df1b0f,HOF
60c5d7495659ea5e55df1b2a,NOT
60c5d7495659ea5e55df1b36,HOF
60c5d7495659ea5e55df1957,NOT
60c5d7495659ea5e55df19a1,NOT
60c5d7495659ea5e55df19f2,HOF
60c5d7495659ea5e55df1aa2,NOT
60c5d7495659ea5e55df1b6a,NOT
60c5d7495659ea5e55df1bab,HOF
60c5d7495659ea5e55df1c7e,HOF
60c5d7495659ea5e55df18fe,NOT
60c5d7495659ea5e55df194e,HOF
60c5d7495659ea5e55df1959,NOT
60c5d7495659ea5e55df1a0f,NOT
60c5d7495659ea5e55df1a44,NOT
60c5d7495659ea5e55df1c46,NOT
60c5d7495659ea5e55df1c86,NOT
60c5d7495659ea5e55df1cc9,HOF
60c5d7495659ea5e55df1c9b,HOF
60c5d7495659ea5e55df1cf7,HOF
60c5d7495659ea5e55df1d1b,NOT
60c5d7495659ea5e55df1d0e,NOT
60c5d7495659ea5e55df189c,HOF
60c5d7495659ea5e55df18fa,HOF
60c5d7495659ea5e55df1932,NOT
60c5d7495659ea5e55df193e,HOF
60c5d7495659ea5e55df1954,NOT
60c5d7495659ea5e55df1978,NOT
60c5d7495659ea5e55df1b1f,NOT
60c5d7495659ea5e55df1b95,NOT
60c5d7495659ea5e55df1bc6,NOT
60c5d7495659ea5e55df18b1,NOT
60c5d7495659ea5e55df18b9,HOF
60c5d7495659ea5e55df18e4,HOF
60c5d7495659ea5e55df1930,NOT
60c5d7495659ea5e55df1942,NOT
60c5d7495659ea5e55df19c0,NOT
60c5d7495659ea5e55df1aea,HOF
60c5d7495659ea5e55df18be,NOT
60c5d7495659ea5e55df1956,NOT
60c5d7495659ea5e55df1972,NOT
60c5d7495659ea5e55df19f0,NOT
60c5d7495659ea5e55df1b14,NOT
60c5d7495659ea5e55df1b4a,NOT
60c5d7495659ea5e55df1cab,NOT
60c5d7495659ea5e55df187d,NOT
60c5d7495659ea5e55df189a,NOT
60c5d7495659ea5e55df18ba,NOT
60c5d7495659ea5e55df19be,NOT
60c5d7495659ea5e55df1cd3,NOT
60c5d7495659ea5e55df18ed,NOT
60c5d7495659ea5e55df1ab0,NOT
60c5d7495659ea5e55df1c40,NOT
60c5d7495659ea5e55df18f0,NOT
60c5d7495659ea5e55df18f9,NOT
60c5d7495659ea5e55df193b,NOT
60c5d7495659ea5e55df18d6,HOF
60c5d7495659ea5e55df18da,NOT
60c5d7495659ea5e55df191e,HOF
60c5d7495659ea5e55df192f,NOT
60c5d7495659ea5e55df1981,NOT